resampling,model,ROC_AUC,PR_AUC,Balanced_Acc,Sensitivity,Specificity,F1,Brier,Raw_Acc
class_weight,GaussianNB,0.953 ± 0.090,0.987 ± 0.035,0.782 ± 0.085,0.591 ± 0.122,0.973 ± 0.131,0.732 ± 0.103,0.292 ± 0.094,0.657 ± 0.102
class_weight,LDA,0.933 ± 0.067,0.986 ± 0.015,0.731 ± 0.133,0.942 ± 0.062,0.520 ± 0.278,0.922 ± 0.037,0.091 ± 0.037,0.869 ± 0.059
class_weight,RandomForest,0.931 ± 0.053,0.986 ± 0.012,0.749 ± 0.142,0.941 ± 0.053,0.557 ± 0.282,0.925 ± 0.039,0.084 ± 0.024,0.874 ± 0.064
smote,RandomForest,0.930 ± 0.052,0.986 ± 0.011,0.748 ± 0.145,0.917 ± 0.057,0.580 ± 0.285,0.914 ± 0.040,0.086 ± 0.027,0.858 ± 0.066
class_weight,LogReg_L2,0.925 ± 0.075,0.985 ± 0.018,0.790 ± 0.158,0.892 ± 0.061,0.687 ± 0.323,0.910 ± 0.042,0.102 ± 0.040,0.855 ± 0.067
class_weight,LogReg_ElasticNet,0.919 ± 0.077,0.983 ± 0.018,0.807 ± 0.138,0.874 ± 0.076,0.740 ± 0.283,0.904 ± 0.046,0.108 ± 0.039,0.849 ± 0.071
class_weight,AdaBoost,0.918 ± 0.074,0.982 ± 0.017,0.756 ± 0.157,0.935 ± 0.064,0.577 ± 0.300,0.923 ± 0.048,0.130 ± 0.018,0.873 ± 0.078
smote,GaussianNB,0.917 ± 0.104,0.979 ± 0.036,0.796 ± 0.104,0.685 ± 0.127,0.907 ± 0.189,0.797 ± 0.092,0.253 ± 0.095,0.723 ± 0.105
class_weight,RBF_SVM,0.917 ± 0.068,0.983 ± 0.015,0.661 ± 0.119,0.959 ± 0.055,0.363 ± 0.242,0.916 ± 0.036,0.096 ± 0.025,0.853 ± 0.065
smote,LogReg_L2,0.915 ± 0.085,0.982 ± 0.020,0.779 ± 0.127,0.891 ± 0.068,0.667 ± 0.269,0.907 ± 0.039,0.105 ± 0.043,0.851 ± 0.061
smote,KNN,0.914 ± 0.082,0.977 ± 0.027,0.799 ± 0.138,0.817 ± 0.114,0.780 ± 0.291,0.874 ± 0.068,0.119 ± 0.044,0.812 ± 0.090
smote,LDA,0.913 ± 0.083,0.982 ± 0.021,0.812 ± 0.138,0.877 ± 0.082,0.747 ± 0.275,0.907 ± 0.052,0.114 ± 0.052,0.854 ± 0.079
smote,LogReg_ElasticNet,0.913 ± 0.092,0.982 ± 0.022,0.764 ± 0.147,0.888 ± 0.065,0.640 ± 0.306,0.903 ± 0.041,0.107 ± 0.042,0.844 ± 0.065
smote,RBF_SVM,0.913 ± 0.059,0.982 ± 0.014,0.658 ± 0.126,0.965 ± 0.051,0.350 ± 0.252,0.918 ± 0.036,0.105 ± 0.041,0.851 ± 0.057
class_weight,LogReg_L1_LASSO,0.913 ± 0.087,0.982 ± 0.020,0.847 ± 0.125,0.830 ± 0.101,0.863 ± 0.235,0.890 ± 0.065,0.131 ± 0.043,0.835 ± 0.091
class_weight,LinearSVM,0.910 ± 0.081,0.981 ± 0.019,0.647 ± 0.125,0.961 ± 0.051,0.333 ± 0.260,0.913 ± 0.033,0.096 ± 0.028,0.840 ± 0.069
smote,LogReg_L1_LASSO,0.910 ± 0.094,0.981 ± 0.022,0.791 ± 0.151,0.856 ± 0.084,0.727 ± 0.307,0.893 ± 0.052,0.116 ± 0.046,0.833 ± 0.079
smote,AdaBoost,0.907 ± 0.083,0.979 ± 0.021,0.738 ± 0.141,0.895 ± 0.081,0.580 ± 0.277,0.901 ± 0.051,0.137 ± 0.021,0.840 ± 0.077
class_weight,HistGradientBoosting,0.906 ± 0.082,0.977 ± 0.029,0.729 ± 0.152,0.932 ± 0.064,0.527 ± 0.312,0.915 ± 0.042,0.097 ± 0.041,0.859 ± 0.067
smote,LinearSVM,0.905 ± 0.077,0.980 ± 0.018,0.753 ± 0.139,0.889 ± 0.068,0.617 ± 0.295,0.901 ± 0.040,0.116 ± 0.044,0.841 ± 0.068
smote,XGBoost,0.904 ± 0.080,0.979 ± 0.021,0.746 ± 0.158,0.912 ± 0.068,0.580 ± 0.300,0.911 ± 0.049,0.105 ± 0.049,0.854 ± 0.080
class_weight,KNN,0.901 ± 0.092,0.971 ± 0.033,0.617 ± 0.124,0.985 ± 0.034,0.250 ± 0.248,0.919 ± 0.031,0.099 ± 0.028,0.856 ± 0.053
class_weight,GradientBoosting,0.894 ± 0.077,0.977 ± 0.019,0.681 ± 0.127,0.935 ± 0.070,0.427 ± 0.261,0.908 ± 0.043,0.125 ± 0.050,0.845 ± 0.065
class_weight,XGBoost,0.894 ± 0.081,0.976 ± 0.022,0.718 ± 0.145,0.956 ± 0.055,0.480 ± 0.286,0.925 ± 0.041,0.100 ± 0.044,0.873 ± 0.067
smote,QDA,0.894 ± 0.093,0.975 ± 0.026,0.806 ± 0.139,0.865 ± 0.079,0.747 ± 0.269,0.900 ± 0.053,0.117 ± 0.055,0.844 ± 0.079
smote,GradientBoosting,0.892 ± 0.099,0.975 ± 0.025,0.745 ± 0.139,0.896 ± 0.067,0.593 ± 0.281,0.903 ± 0.042,0.119 ± 0.056,0.841 ± 0.068
smote,HistGradientBoosting,0.887 ± 0.098,0.974 ± 0.027,0.734 ± 0.145,0.922 ± 0.069,0.547 ± 0.293,0.912 ± 0.043,0.114 ± 0.055,0.855 ± 0.069
smote,DecisionTree,0.786 ± 0.149,0.923 ± 0.057,0.751 ± 0.143,0.868 ± 0.085,0.633 ± 0.287,0.890 ± 0.055,0.145 ± 0.065,0.823 ± 0.083
class_weight,DecisionTree,0.741 ± 0.134,0.905 ± 0.050,0.693 ± 0.131,0.796 ± 0.109,0.590 ± 0.267,0.842 ± 0.064,0.177 ± 0.067,0.759 ± 0.088
class_weight,QDA,FAILED,,,,,,,nan ± nan
