Animal_ID,Group,Day,Temperature_C,Heart_Rate_bpm,Resp_Rate_bpm,Clinical_VAS_0_10,Vulvar_Discharge_VAS_0_3,TLC_per_uL,Neutrophils_per_uL,BUN_mg_dL,Creatinine_mg_dL,ALP_U_L,ALT_U_L,Total_Protein_g_dL,Albumin_g_dL,Globulin_g_dL,Uterine_Diameter_mm,Progesterone_ng_mL
PY001,G4_OHE,0,38.70484742226525,141.359410445384,18.29819658494952,5.769964734541407,1.123554317406004,20.93106859117735,15.00387680490574,34.29012180582745,1.49953660743787,392.834369733266,121.605976324205,7.012400749148219,2.106066307089918,4.9063344420583,16.93066975589267,14.6900838004396
PY001,G4_OHE,3,38.56962349232511,142.2946271704048,21.37742466045297,2.939604738290979,0.2720855942978372,15.9685896482579,13.39472148897879,32.38243968788552,1.422295197796395,368.0527397452567,119.2988064958085,7.091001614787477,2.235675612376446,4.855326002411031,,0.2668872497771982
PY001,G4_OHE,7,38.23140596060696,129.7333346541962,17.01771941575052,1.618526177155844,0.0,15.25815836813114,11.6777940930704,32.74176899146859,1.414742481155482,326.1560724896095,114.8465901424072,7.250803275388127,2.436570214716205,4.814233060671922,,0.1601652680738808
PY001,G4_OHE,14,38.18519007246466,129.7410274451224,15.42447352096189,0.5775451281690247,0.0,16.11052084575444,10.44521377331535,28.704708395569,1.329851472688676,334.0579219309122,108.5643256279165,7.267417702983336,2.353145210332953,4.914272492650383,,0.1679554032610458
PY002,G3_Aglepristone_PGF2a,0,39.1018955038094,127.6837072030835,29.35731886423888,5.418787194023777,1.677726240648231,19.6275482686588,17.25983190478082,21.96640504430303,1.044594520722002,363.1555669165184,94.62629106909057,6.727309922119995,2.975259950989577,3.752049971130418,17.6340591200043,22.85082294396333
PY002,G3_Aglepristone_PGF2a,3,38.85536057023534,120.3146828982008,27.18968524468555,2.701729933187637,0.9955417661292418,16.96324487095999,14.61106854660714,20.9398590835022,0.9692621135501425,336.6644345549051,73.32569415195536,6.732452904984706,3.127992520792955,3.604460384191751,13.72150452188078,9.52116613988888
PY002,G3_Aglepristone_PGF2a,7,38.73646268322004,116.5082813334854,24.92677077819094,1.857547026739305,0.6164748570952491,13.71824828335824,13.20325717370974,18.16626695433355,0.9406512304413707,326.3749222706593,82.65891353486938,6.888513281798772,3.150016621581895,3.738496660216877,12.58497840174738,4.398733571332095
PY002,G3_Aglepristone_PGF2a,14,38.57223824603803,108.2371495367246,24.4374296387286,0.3179198988419757,0.3286656201738498,13.97133352720973,12.14237105230288,17.62504036629538,0.8879801134395346,311.3694638426301,76.72724785848843,7.058010466944864,3.177365222711329,3.880645244233535,10.54453506497414,3.069214519981483
PY003,G3_Aglepristone_PGF2a,0,39.81294202980403,114.2914788731378,28.18450482712412,6.516485310649143,2.171170663406255,27.48922289021737,12.60231793554059,16.29627807542077,1.144088914470035,347.6942557034553,96.8069530019805,6.967813469145087,3.288108808850088,3.679704660294999,12.83014099391487,11.50681978799222
PY003,G3_Aglepristone_PGF2a,3,39.59527247926242,110.3910742123145,24.61079169785679,3.556541703549214,1.538167387901365,24.13310783809208,11.88384298182254,14.39703872350101,1.05252874516045,293.3350530553964,86.07493113679277,7.251851702273335,3.4414615916221,3.810390110651235,8.752668953366292,4.741572905006145
PY003,G3_Aglepristone_PGF2a,7,39.41412182133679,100.6381299868845,25.02125407295448,2.559271041519899,0.8773421368279217,19.42161124528383,8.408620476874274,12.68199725735533,1.073914095760093,299.7061542563042,85.32418165399176,7.182074279558938,3.435416453463012,3.746657826095926,7.023169162191431,2.259083897218938
PY003,G3_Aglepristone_PGF2a,14,39.29601048479704,108.3612652265131,22.78653686992862,1.607593057117231,0.550273155881343,20.4855721629464,9.686117967280333,13.84865951586679,1.007209223451857,299.6692357610957,81.72656154107025,7.151621306546844,3.469022798308853,3.682598508237992,5.77886876527001,1.65071642853793
PY004,G4_OHE,0,39.27407977697021,137.0511707217738,31.13510869054357,5.759268919266265,1.809904272418255,26.95624298836399,22.63393166066091,19.01333297350557,0.9553480864216337,236.8765174361569,55.55718991914667,6.405838308185644,2.999674469398295,3.40616383878735,13.53515386229261,7.864079323998143
PY004,G4_OHE,3,39.21265453586991,137.9759111388503,32.04407583986784,3.255694609038557,1.013514155976869,22.87877385251223,19.62415670312988,15.57609942752875,0.90774457510994,224.3826272674713,48.77204558403286,6.372895022756308,2.903071053484819,3.469823969271488,,0.1771439793515125
PY004,G4_OHE,7,38.96958188677883,124.8310732943025,26.19005957650904,2.353972843056028,0.7533309397837039,19.18797877692294,18.4487628641194,14.27945561733674,0.87278732680187,197.4215012808971,35.32708690434236,6.626834203447374,3.151544038835676,3.475290164611698,,0.2135934515030096
PY004,G4_OHE,14,38.61490577417416,116.4429960655062,22.69961873080481,1.051250566507548,0.2032667831481201,20.22694467855939,17.26371122420349,15.81792075567381,0.8459621697334953,175.0205237623305,36.33489167324262,6.853241464561662,3.1579852397791,3.695256224782562,,0.197054489202708
PY005,G1_Supportive,0,40.31867115186676,109.0410622277493,32.76461636781914,5.868725533322762,1.190903364164615,28.2335167274598,15.17568638917267,22.39797592402729,1.171126405508926,335.9071597684675,92.91138164867229,6.788614560496931,2.355421666904886,4.433192893592045,23.59004987774022,7.268189921703341
PY005,G1_Supportive,3,40.4434284798113,113.337067137922,34.91521046308794,6.220452024551453,1.303316547051354,29.58014256210951,14.95358430979021,24.54520005180233,1.164430248086069,340.6327623752089,99.20296852861588,6.807203837840566,2.365106331272108,4.442097506568458,24.89647798914196,6.02977963081857
PY005,G1_Supportive,7,40.29391559648717,112.6355638998547,35.59297314467465,6.587372081581339,1.423303321141859,29.53962768256737,15.38187736121198,25.2275378349126,1.245619858277294,334.3050152349913,99.12679831782026,6.828352079854585,2.39619415612971,4.432157923724875,24.68080212153339,4.931397345682715
PY005,G1_Supportive,14,40.41137440280554,112.2564342210659,36.8702387725126,6.722896799901412,1.323542859282493,30.97154026408578,17.32673328940139,22.36973238585344,1.159299979393667,348.5279732025772,97.31346936287059,6.755824902658325,2.299902995635308,4.455921907023017,24.85284774708544,3.598891824437836
PY006,G1_Supportive,0,39.15962131832224,98.36109376906023,41.726574635036,4.714217155889436,1.25678998014578,21.83974216938005,21.8276012212124,21.77056862952667,0.8606129979166881,285.129095119986,68.38859987316673,6.978742106581969,3.150844093648627,3.827898012933341,13.83084612343231,12.49557069522582
PY006,G1_Supportive,3,38.86548236626367,100.0868029046305,41.17854351923597,2.307071489276546,0.3378236081813614,22.02881784909842,20.06823674381463,21.04331563458785,0.791004016754665,250.5737571549344,67.25093236963478,7.171491076223239,3.324621030924483,3.846870045298755,10.32770303501412,10.00508098636567
PY006,G1_Supportive,7,38.81861105621037,90.30002713761941,37.64121050712516,0.9954437829496926,0.0572069035184619,13.3148536275237,18.41134097423004,17.88806425226367,0.7378160646726718,238.9665336120733,50.98688817540436,7.262448249437389,3.294268200526985,3.968180048910404,7.511088236588957,8.223105040042595
PY006,G1_Supportive,14,38.70214221403454,86.5607283586893,38.70012506721717,0.2,0.0,14.20174807594767,15.62104909607076,17.07342209452108,0.7098384992143113,242.8042289214603,52.07629134017727,7.257801047423339,3.388142230505502,3.869658816917837,5.720054169258033,5.664037855166569
PY007,G1_Supportive,0,39.17031258753805,140.6579728022041,20.58979474339483,6.71354851023646,2.17102179065695,21.3879907212217,9.060707725995705,17.35548349977945,0.7677232597373936,363.1313042318241,48.74938490718363,6.572376248875949,2.884068745601536,3.688307503274413,14.54224182809469,10.4251845835934
PY007,G1_Supportive,3,38.78993482188102,136.2238269984067,15.85154656730745,4.51262327314868,1.330052825061186,17.78805060780996,6.844518169960903,15.03302823150306,0.7205317319998198,329.9348530292347,40.31022521193565,6.804070392087048,2.982728220543805,3.821342171543243,10.45528301298492,8.170939646446524
PY007,G1_Supportive,7,38.73725235841869,128.8160293483706,11.66416007303096,2.845250746709828,1.003638030955613,15.26637154020566,3.190951860976561,14.59766797229421,0.6735549712203179,313.0161966749242,39.31177511161619,6.790757347342757,3.03899508778916,3.751762259553598,8.273242435078657,6.090851799847655
PY007,G1_Supportive,14,38.64259189622309,130.2076887016921,16.03973146740468,1.550587488335963,0.7679682170383295,14.89510130954554,3.106721100129498,13.75642621226375,0.6867595985351144,316.4150901279577,37.20904595110918,6.929285549034954,3.123088070311537,3.806197478723417,5.776213620740838,5.675150371148902
PY008,G4_OHE,0,39.45370410076395,102.7635991280281,33.96121010222671,5.754036695579003,1.645016466231594,21.14595557799795,22.88915368733844,24.30884463056426,1.106230110649274,316.9471119834978,79.34521274699489,7.128372743548891,2.405444569246372,4.72292817430252,17.71042011316204,12.68624170458554
PY008,G4_OHE,3,39.60033508612079,102.9851583323657,32.84415042755958,3.53403960139015,0.9199608480722474,18.04161288786191,20.7850216124706,23.30440170135481,1.009636110213816,293.5540041936591,76.93747071970024,7.105072215365302,2.41553906566328,4.689533149702022,,0.2051296673528993
PY008,G4_OHE,7,39.1741318114893,87.08447048085753,28.61811426555098,1.829343252916011,0.3208957507344313,12.72233134701474,18.49290479268755,22.18002580388911,0.9709622590714675,278.0051517672154,60.863904538632,7.386434935831095,2.640519390161607,4.745915545669488,,0.1832658854923284
PY008,G4_OHE,14,38.89358376718183,86.58519902265098,26.55676160689221,1.353322955923524,0.5680976605923584,15.39143495171501,17.82875274310741,21.9119040102309,0.9616428947535601,240.4856534512089,59.90325430632732,7.395797908010316,2.626279607638423,4.769518300371892,,0.1335513768246006
PY009,G4_OHE,0,39.29839213527677,165.0,36.46920036413682,4.312313527436246,2.28647036484707,24.77146123631362,16.79116681787046,26.66929054134348,0.9486541647746238,163.5636866597263,88.04703144663112,6.503597279618452,2.669065575541071,3.834531704077381,13.72096519396923,15.18471771269004
PY009,G4_OHE,3,39.14043523638516,172.5734714891794,37.08459571114945,1.54986022849351,1.412846351050306,18.994000116585,14.54284694796472,25.99204422748478,0.8252058506454012,131.0599317051965,78.55476850754047,6.511778570728116,2.749566470081915,3.762212100646201,,0.2952803935722829
PY009,G4_OHE,7,38.9019266482622,151.8353074416032,36.36797557925227,0.7638445004216499,1.083868895719884,19.4009937384662,13.02918491089725,23.41161390075907,0.8866871184278983,112.4019078405667,73.1414030295962,6.657100605963215,2.888467760265637,3.768632845697578,,0.3133994013332242
PY009,G4_OHE,14,38.71534551766076,144.8903752650666,30.86192021138843,0.2,0.8091912853545572,19.08610378769456,10.7143784462893,23.48168298133685,0.8291304288720093,99.87330579730092,72.95449933617348,6.8277306192335,2.873246893636127,3.954483725597373,,0.1577004093840342
PY010,G2_PGF2a,0,38.73284574325692,124.229845872663,34.61042029939335,9.12436549410615,0.7704237383057053,16.06019765768012,8.445354594951981,36.34891133930402,1.55367945445073,482.9637550103657,133.2836343342526,7.328643937201353,2.149709962597881,5.178933974603472,22.28547358548184,10.29998239660719
PY010,G2_PGF2a,3,38.78839899947029,127.9486570040254,36.38465998278006,9.43389457202019,0.9985120182312728,16.19920520133354,9.264375759453458,37.17723544865285,1.677585221639951,493.9893091778137,136.5745279044005,7.342510035571446,2.129613248753552,5.212896786817893,23.81645987400908,4.557630262757624
PY010,G2_PGF2a,7,38.52722536220445,119.8460879860629,38.57512982516509,9.376883813665614,1.057931613808006,17.87809523015677,10.04393244849808,36.59507739162508,1.608325809943717,483.8921863899795,139.4622739018868,7.294518940574337,2.161169311557265,5.133349629017072,23.72440373566434,2.682228787276406
PY010,G2_PGF2a,14,38.67045920783687,124.2705167196887,35.92541722970955,9.809066695491062,0.7103821080741316,17.48941221654125,8.747495294399883,35.94783321555894,1.550961350967823,477.677674350512,135.5732778646781,7.397264420339483,2.323757980451926,5.073506439887558,22.75508545198637,2.552593261692043
PY011,G1_Supportive,0,39.60314343377194,105.4624192569749,29.11599124341201,4.052706566256331,1.585479164584123,13.16069760173533,15.02678594438714,24.18691078609318,1.179133545779685,328.1843396804442,80.71488785395145,6.592282362430024,2.370581052048457,4.221701310381567,25.29957225134791,13.72270757256489
PY011,G1_Supportive,3,39.58898825867222,108.3512758489157,29.2120511485431,5.083498219375924,1.573655054270443,12.31923052946512,15.8540932399476,25.36507821057082,1.273563886512108,321.8306680607979,85.9609823995715,6.535032691026466,2.313217072218839,4.221815618807627,26.10119904933056,10.51482552859889
PY011,G1_Supportive,7,39.50965814778054,105.5771397062527,32.568965993679,3.965167389678799,1.738525857030411,17.30252011410465,16.26578144363345,24.27188914228243,1.237415653764289,345.8709620163359,86.93254195187275,6.610323949319822,2.406256380984836,4.204067568334986,26.5675857456769,8.478032864295079
PY011,G1_Supportive,14,39.62272952534019,109.0608015364668,32.09452000428757,4.649919761809917,1.770284121289833,15.84648539949512,14.75210870216654,24.96458542953492,1.180879005910602,328.0453977957734,89.97623471426053,6.615311993821187,2.38887217411375,4.226439819707437,26.02078404311581,7.22603763284818
PY012,G1_Supportive,0,38.84401825786436,145.7476828892515,36.69409229421063,8.087397897212737,2.050349383029126,22.40764053066055,18.62434577802236,26.76631774340134,1.271786313365542,341.0146080271044,95.88170926405651,6.856986934522242,2.657654693410522,4.19933224111172,11.95028474061895,8.365234742257549
PY012,G1_Supportive,3,38.94501820982754,146.3367825753583,39.50150349440401,8.77712656458783,2.437063717793009,22.96556544659648,19.65077130137406,26.9745357628426,1.297357008399016,350.4023184335636,100.3534038418549,6.965661434369484,2.550741623604077,4.414919810765407,12.79639589473967,6.058273558538643
PY012,G1_Supportive,7,38.76290001319288,151.048663014223,40.44285164133661,8.668841716830272,2.167693979394515,21.47494661241118,19.81284034000201,29.13047650347559,1.269391988392347,348.7865039072552,97.63824641788572,6.92300559006533,2.647780829182971,4.275224760882359,12.6215273291551,4.829361898889915
PY012,G1_Supportive,14,38.85273605815338,142.3707726890378,37.63317049144852,8.06641768774882,2.164320349272531,24.04967545918748,19.03124329408458,29.0279163301474,1.288576059455706,355.2905203653896,100.1507672635584,6.732890939544395,2.65652313781269,4.076367801731705,12.31106393521543,4.481216993602135
PY013,G4_OHE,0,38.48563018236987,90.0,37.1868141628765,5.180284496877441,0.8794808360523518,24.09416301040691,21.48496156485399,24.98404769292901,1.033478115579227,344.3556287564284,76.34522090614546,6.400368230718112,2.576989334332229,3.823378896385884,10.0,10.77323085754889
PY013,G4_OHE,3,38.45944817239561,90.70721517165667,37.11242619248882,2.475593581405901,0.0,21.2059851083223,18.10557400698213,23.19271412514508,0.9906255081346703,319.8579061519171,68.52276971159944,6.382212344662071,2.664130142145407,3.718082202516664,,0.3647974741956874
PY013,G4_OHE,7,38.06954219551059,79.07527790209504,30.50239836826321,1.239866337472333,0.0,16.30547535189022,17.65164094020039,21.37276388552092,0.9672723270716713,298.7642622692518,59.67908632631077,6.707144837082478,2.717596781145852,3.989548055936626,,0.2717413173227464
PY013,G4_OHE,14,37.91971807361917,74.74231885325723,33.1796001128608,0.2,0.0,17.97966274929621,16.31531281031959,21.05459015831515,0.9083335630139258,286.4351297550322,63.03238417607202,6.790186334802907,2.882462636853344,3.907723697949562,,0.1336006371699376
PY014,G3_Aglepristone_PGF2a,0,39.35482731371356,122.8110200252096,31.91548328123528,4.584965588254242,0.4993316692293066,18.10201576906895,20.86267803259592,23.00513433670143,0.8403095621735582,166.8909042315466,95.12456558539093,6.597987730557635,2.754216832816616,3.843770897741019,24.0770700068827,9.747580049690132
PY014,G3_Aglepristone_PGF2a,3,39.12825673986275,111.690810678366,29.98220580670079,2.88186744249422,0.0,15.11224827664767,18.06610956078001,20.56829233105155,0.8020410739919557,135.7542706421715,84.53890751962906,6.792601153320209,2.92801366649628,3.864587486823929,20.99309981274608,3.906346716740216
PY014,G3_Aglepristone_PGF2a,7,38.89549173495435,110.1926681266504,26.60845461197776,0.9410574613760745,0.0,11.6773303874618,16.80340096397881,19.87389971413603,0.7728098334703505,95.83029336839208,79.31584405717543,6.828901976304943,3.004634432025183,3.82426754427976,16.86543170810491,2.080458456644903
PY014,G3_Aglepristone_PGF2a,14,39.11747769809244,108.2346717630521,25.23331507534309,0.2,0.0,10.7617974163137,17.13373335247334,18.65059708683507,0.7400808369532076,111.4322728017717,68.55959963368149,6.854076381939197,3.047814059951451,3.806262321987746,17.73613593218518,1.351843676675444
PY015,G3_Aglepristone_PGF2a,0,39.1964565913863,103.386081350232,37.94218755059769,8.147350794554203,2.163602846220178,25.46106651802078,14.51166376580701,32.57984653888668,1.626651073349282,550.9829744334161,121.7993514816635,5.890564534922382,2.551470609538055,3.339093925384327,20.58818269822108,6.886262921101222
PY015,G3_Aglepristone_PGF2a,3,39.3649192978874,110.4008080634958,38.88601080115959,8.575349270784175,2.308626766618646,27.93217040672025,15.44248320211271,33.3447585998465,1.652220670503959,561.1845287955425,130.7372523268876,5.935478140305228,2.576837145234291,3.358640995070937,20.32803364180389,2.682756736320202
PY015,G3_Aglepristone_PGF2a,7,39.30651549624917,107.79973359514,38.20368172443697,8.300768072577672,2.362877294898284,29.8394508419648,16.03322427695446,33.635863951838,1.665843218939563,571.833331442612,126.8576553653095,5.897861259433212,2.617718605589397,3.280142653843816,21.33018369196977,1.706588938476697
PY015,G3_Aglepristone_PGF2a,14,39.28197479980704,104.9517065123531,39.69640278352153,8.598474944660207,2.371336028130335,27.79079746682952,17.71679742390507,34.13990673312386,1.599856662371774,586.5281072010445,128.537706782768,5.956175642422392,2.548628737309535,3.407546905112857,22.2913888350813,0.8850708421020665
PY016,G1_Supportive,0,39.22888251040322,123.5685115417245,40.5479848471462,7.475777621171734,1.091339963274327,13.77581644311506,16.961488578287,30.64108426474434,1.238934687847661,420.1148734244222,88.13504698769928,5.869044800461412,2.596947944337711,3.2720968561237,17.22767366652874,11.11574026100888
PY016,G1_Supportive,3,39.27949939878717,125.6892768856848,45.18065591975638,7.945135503344712,1.196444179333791,13.94846321474408,17.70423719481232,31.10692773656924,1.239579168196937,444.20015680485,86.57352216896413,5.817990113162232,2.562366863333643,3.255623249828589,18.88283450389972,8.755909447427824
PY016,G1_Supportive,7,39.49451083605057,125.0403164166312,45.09103156182599,8.100501226964614,1.043009844355987,15.93735366744799,17.4016329172983,31.26342379973688,1.244323803442006,431.199300087152,85.31362856625887,5.883501007767394,2.527001994245804,3.35649901352159,17.67774979781021,7.356588755792664
PY016,G1_Supportive,14,39.18151359863862,129.6672620815971,40.52711228054783,7.570035933871202,1.42184708762054,15.93181469285848,18.11384691126056,30.19025347380441,1.259951451382065,427.8181700252225,89.15230816123886,5.946765315252991,2.722672235032928,3.224093080220062,18.51865364857354,5.580527405418697
PY017,G2_PGF2a,0,39.91367320329557,130.2737105904515,33.35377267868944,6.602178326455496,1.830369942160835,19.62624704578717,23.25483876869588,21.96054809793709,0.9305123846128758,374.5723843615101,76.55317592329223,7.236937170220845,2.649346531246351,4.587590638974493,17.09077980644172,17.00106586004298
PY017,G2_PGF2a,3,39.66908750637359,125.0835320672121,32.29619294690884,3.689979929321573,1.099847839369876,15.61957257618263,21.05316738667673,20.08378781609974,0.9126758814083462,352.888097657952,65.49594149461286,7.436220477492779,2.860970329867946,4.575250147624833,13.23795055776,7.927226980569777
PY017,G2_PGF2a,7,39.68026042700756,118.188795771534,29.50037059684066,2.223780545460998,0.3663354762887137,14.65654517380977,18.43382691000671,18.53825684617409,0.8643081696735153,318.8613763171349,58.413332679692,7.443330832073239,2.858924464918178,4.584406367155061,11.69113434809626,4.832548135931105
PY017,G2_PGF2a,14,39.42630566290193,114.5811442894073,25.9827226170214,1.673428814586991,0.2560633862521241,12.15065240229456,18.62881437569177,18.65866148844111,0.7879181307718194,316.9965119624933,59.31051694903359,7.653941125556257,2.836632588087729,4.817308537468527,9.562991837951179,3.7289522288979
PY018,G3_Aglepristone_PGF2a,0,39.15355024390396,109.824792488188,33.24488545883018,4.225495191240702,2.217516499091019,20.96168106580926,23.54313008448127,22.47080751212179,0.5357608622873998,295.8379991684137,64.89471428970509,7.299487021028052,2.940582942724726,4.358904078303326,18.73655839872716,10.18552808482707
PY018,G3_Aglepristone_PGF2a,3,39.09725408599713,103.0096887472645,28.53161590980804,2.153917468157877,1.487695779690423,17.51430707032548,20.71577908035276,20.40463346094371,0.4996339048091657,266.0461032160617,54.50327459647803,7.430609709584413,3.045467726470097,4.385141983114316,14.19508509452866,4.161066299786855
PY018,G3_Aglepristone_PGF2a,7,38.9178223199615,92.93892767096601,27.75159249577705,0.62961624628102,0.9050497209221132,14.07616577217645,18.31291400812956,19.63964690541102,0.4896283432136412,235.9010827476392,59.51183272770711,7.470812448123377,3.227821932499713,4.242990515623664,12.62652189530629,2.060088617195152
PY018,G3_Aglepristone_PGF2a,14,38.64445129475464,96.91253230558087,26.92864875716996,0.2,0.7393446474776787,13.61058900425897,18.72960990905745,19.62983105885698,0.3807497249715638,236.5765814100433,49.47783492744789,7.478723561197206,3.203031923230227,4.275691637966979,11.47667086503617,1.548457959784885
PY019,G1_Supportive,0,38.89823111739964,130.5440431018764,29.13226757089367,4.058392144784008,1.327301016504899,13.43770239882477,14.70424853411907,27.90369032676782,1.318347038484598,466.7825098748143,99.30549130924672,6.794159389625112,2.529784366192934,4.264375023432178,18.63159736943603,15.56746197478414
PY019,G1_Supportive,3,38.93449943136626,127.6696189831318,32.66965272194463,4.327553901851151,1.420309018633417,15.33377719020834,16.84360381613232,28.5498262678059,1.332902634554845,493.7655655486888,97.5205338730487,6.785905568570787,2.531831066064192,4.254074502506596,19.23433635201916,11.99866716301145
PY019,G1_Supportive,7,39.02479305654502,135.5408515577795,32.23361377577125,4.910072002336217,1.612868615258019,15.92033603633183,13.99328038382156,29.60306029533312,1.360453890502727,489.3623553336701,101.9531013428574,6.699071756922956,2.516713523706041,4.182358233216916,19.98601216002344,9.66946144386187
PY019,G1_Supportive,14,38.85643724497414,136.6778441257082,31.40030120892643,4.635317380996,1.496357409002246,15.3164099341522,15.37402761557338,30.48756004711102,1.351382685954933,483.1089305223225,101.4832990466436,6.92758087513578,2.509576243678789,4.418004631456991,18.97764465354519,7.729789183480556
PY020,G1_Supportive,0,38.89667958024925,145.426519659902,26.37147541552411,7.758558528298136,1.157117366860779,17.34231153644824,12.02856737930216,30.83756365033417,1.283239731686693,370.087983345762,96.2137068838089,6.656351799823763,2.679882787614853,3.97646901220891,20.68307911325248,11.90264586603988
PY020,G1_Supportive,3,38.65786332829894,140.0810108728775,28.33359674317296,5.089586312497995,0.09208964706685452,13.24036085472391,9.62338104348406,29.33822732660594,1.225720774941345,357.9120725199328,95.9771927272376,6.848328470446734,2.77616190170581,4.072166568740924,17.98227068289128,9.336443864531942
PY020,G1_Supportive,7,38.61810688141384,131.7323220362387,20.71739925439616,4.188527716519785,0.002345409918453764,10.86211646778458,8.717796838915172,26.2134147430421,1.20037035799098,305.297703916361,90.20403544607339,6.851758250888952,2.927242015831455,3.924516235057496,14.66312272698293,7.817780277631684
PY020,G1_Supportive,14,38.56095389532505,129.3622300077658,21.3106564868247,3.533684993241935,0.0,10.05661757086379,7.159731757787661,28.33249346056132,1.132305898985999,304.9898463854314,87.19718862671111,6.920384682983189,2.915532065816762,4.004852617166426,13.21638162816009,5.870805469272636
PY021,G2_PGF2a,0,38.88712731871487,113.2091103770321,29.04200402542639,5.014008810522371,1.191849490399565,23.57318840095689,13.76941713555941,20.85502780930657,0.655064334776503,100.0,80.47534159236827,6.860711339064836,3.105983250622765,3.754728088442071,10.0,11.54310477994017
PY021,G2_PGF2a,3,38.74558995441242,113.1826208008368,24.93242066700162,2.532868463110349,0.5281926172764271,20.62386604569304,10.76332764573554,19.49123148186036,0.6111466549134963,78.29150249780339,68.52506284595515,6.917060988460034,3.216093268766972,3.700967719693062,6.834941523802866,5.321913843505119
PY021,G2_PGF2a,7,38.53902228618918,104.5364652045017,28.00630725285826,0.9291623180132422,0.0,18.34941397916056,9.962471058989912,17.10958249444186,0.5271742629470072,63.09382253286319,66.63748782556019,7.044058175734246,3.23820490133242,3.805853274401826,5.5,3.536015349201323
PY021,G2_PGF2a,14,38.37459056480102,97.58588850436907,22.60917071920491,0.2109317261395726,0.0,15.41033154058755,8.987606055096752,16.0894021764175,0.5276790979891054,45.30476224723478,65.66956461559133,7.129612887717038,3.409523715106253,3.720089172610786,5.5,2.687480238579418
PY022,G3_Aglepristone_PGF2a,0,39.12524393360685,96.98559389282177,27.89409191166498,5.641827181282763,0.804795190613531,19.03046040308648,15.84322491041392,23.89133398849886,0.9770574840332455,303.7786853099192,107.1598209496641,6.889310619680408,2.49460899725215,4.394701622428259,15.79172316008153,18.93486563938072
PY022,G3_Aglepristone_PGF2a,3,38.96315603195299,94.25910355606771,24.37964965584288,3.347840568265932,0.06793700403917588,16.17746041397044,12.6736807157815,22.56101606102652,0.9007138960643511,274.8273575290165,93.68699372656354,6.998239937809337,2.632788845770431,4.365451092038906,12.12188440206629,7.58265881973371
PY022,G3_Aglepristone_PGF2a,7,38.89449566164162,87.94545810982251,22.31195499254343,1.246899961330282,0.0,13.62421923084942,11.04718970143112,18.8210244023871,0.9157332814433675,249.6754889522801,92.8855573833765,7.080953193789061,2.719597996796106,4.361355196992955,10.47135444582657,3.664109713332182
PY022,G3_Aglepristone_PGF2a,14,38.58001995123325,78.77603805205132,22.84716175322534,0.9886187962843539,0.0,12.84076164304139,9.784106615644305,19.61603798410623,0.8305784486224965,232.6726867598042,91.14097129586605,7.162809793985428,2.827272761820689,4.335537032164739,8.507992396718423,2.576319853629409
PY023,G1_Supportive,0,39.56595668970677,127.0345424092711,26.31474452964992,6.648614248037674,2.134500326109516,21.37933087345164,13.05517967689135,20.32005747934018,1.033881282545148,273.9708722886518,77.99661883275185,6.377746945430009,2.785635377822768,3.592111567607241,15.51874639650863,15.09504035850676
PY023,G1_Supportive,3,39.23063263651831,124.5609330006171,21.34343986106798,4.603094272041322,1.174023824263157,19.15335273535792,9.702095575818,19.21670150555334,1.013106168181524,240.2155977721819,68.20790813453374,6.462463268088099,2.884767473800249,3.57769579428785,12.35689109570981,11.26332100807455
PY023,G1_Supportive,7,39.22185999484838,124.4152963222316,22.75162484125843,2.570000123927163,0.544530916961027,16.2057458511361,8.029017985296193,16.68197155366397,0.9111697240399594,253.170314273042,60.58346271465644,6.583404712246065,2.984874670336336,3.598530041909729,8.734887888561296,9.643975162867587
PY023,G1_Supportive,14,39.1365525120315,118.8566471532755,19.8379563013106,1.907660532307081,0.5018617960987865,14.93753884791167,8.656511105220025,17.0295716844159,0.8993148662085442,225.5872187182804,70.95809405133424,6.644877946530245,3.007123550838589,3.637754395691657,7.929737274783721,7.746155342456523
PY024,G1_Supportive,0,39.35315932956492,129.103874058138,29.07950294892844,6.060981522863076,1.716223257783225,18.69993046365471,14.88121414151626,27.41449627937477,1.130321302180359,312.9127814751625,82.57303817239381,6.32529991156426,2.637649386558753,3.687650525005507,21.72917420987504,16.45236888841534
PY024,G1_Supportive,3,39.05252790597205,125.9955918431736,26.02629460998126,3.327304522762698,0.8345071438389114,17.63114739711124,10.97885651639696,26.75143505700318,1.061348764211207,283.8430322911843,66.4960393222819,6.498393361514051,2.696629327361188,3.801764034152863,17.1203741949946,13.03604116482975
PY024,G1_Supportive,7,38.89468762638452,113.5469234599397,25.01311264560592,1.965767236794469,0.5013298238524769,13.96446612119979,11.07790539781987,23.39939834920963,1.039487176987814,246.9277844291985,68.31506078744422,6.564036941474576,2.93862631151179,3.625410629962786,15.72116041996338,11.03276345198086
PY024,G1_Supportive,14,38.94788528551907,121.1152815118565,25.55730680285895,1.033833147718925,0.4412517010449121,10.15370794600713,10.23790632583968,22.56628299588125,0.9968220122953351,249.8674735431603,64.78566948247229,6.672051795181682,2.843510504121797,3.828541291059885,14.16390257983944,8.412263443923031
PY025,G4_OHE,0,39.65938117868458,125.6659303341604,30.46730276708676,4.595321631343559,1.47124205104845,19.72172830143868,11.71064974358566,18.74862623534087,1.185934690331224,313.2883365525784,84.73659788561906,6.456393979159252,2.660273862069926,3.796120117089326,14.08992676222884,13.63022012932758
PY025,G4_OHE,3,39.60502617159177,123.2631325154036,30.84675389797194,1.843959351453723,0.7301890483572151,16.25083397178602,8.742017624759544,17.21490537875681,1.10997765723998,293.0381921304626,76.46296867037238,6.454861257981973,2.698425170420317,3.756436087561656,,0.1944248868901735
PY025,G4_OHE,7,39.28135086561539,114.6049604387168,25.14967322431349,0.7248666086447025,0.2130978017977639,13.11572455951708,8.535858020959298,15.89245284249403,1.116571434638855,268.0614442706886,75.19925926793458,6.646084994213326,2.944876690227785,3.701208303985541,,0.2660014712468184
PY025,G4_OHE,14,39.02863315274111,107.3277680673216,24.41102099624879,0.2,0.0,11.10471917818731,6.154550258096746,13.60598418887634,1.097573543345646,253.4546037534872,65.67962308085102,6.651492978603901,2.956707913368757,3.694785065235144,,0.190061174052504
PY026,G2_PGF2a,0,39.99951207018766,115.0598616717268,30.8957624753493,4.843333546071714,1.812286155460079,19.47229627586393,7.801205906380522,22.81228127419542,0.6028462760928088,197.5644966089666,57.20107948798896,7.062258930746617,2.960637462547667,4.10162146819895,15.11384124604327,4.8134151199919
PY026,G2_PGF2a,3,39.79969336084426,106.7126912512918,30.5587805767968,2.319029637869248,0.9555289216054755,13.80581821658481,5.465397374469101,20.89161306740057,0.5395383771269212,162.7197944675247,44.83670817083965,7.301667222330355,3.124911494632393,4.176755727697962,11.46519143448523,2.20338321640567
PY026,G2_PGF2a,7,39.7985941862721,107.8709670402786,29.51336806987857,1.188454587634787,0.4084179702952262,14.31786646090066,4.378974279945576,19.6184296538547,0.4939634518231574,154.0009014894918,45.02854909665421,7.322621517878336,3.153392261572329,4.169229256306007,10.67282131861991,1.639639649315061
PY026,G2_PGF2a,14,39.61485386616381,100.4171737545789,26.9199392933087,0.2,0.3804628686479525,11.78258645748443,2.53246515377122,18.57876410476324,0.4712858277598923,142.3561352123544,39.88656967553181,7.429134461499714,3.195790149811628,4.233344311688086,6.895141853223532,0.7759013302401138
PY027,G1_Supportive,0,39.5063980803458,102.9714327741573,35.53008172917004,5.219414769240443,1.770835775484973,12.95830936448565,17.4294335642222,13.21368762746008,0.7222770211861234,256.253483577424,70.26853447262746,6.598191284933853,2.769232790993561,3.828958493940292,10.0,14.33844590073321
PY027,G1_Supportive,3,39.37998054721314,100.0308734151311,31.61614196127106,2.957354491118459,1.054739434195268,12.97131192069029,15.05088907348791,11.51629455886165,0.6768837442737885,225.5001415372988,67.11926206274717,6.75451359815366,2.855933571789707,3.898580026363954,6.406755150954442,10.96584372980798
PY027,G1_Supportive,7,39.15798337353575,92.22933081560787,33.81826378248758,1.389455678808956,0.5891834824852975,6.050035874755947,12.47900107587598,11.37218726433611,0.5905642532309346,199.994118028627,55.76983267600556,6.792587691727761,2.959825839397657,3.832761852330105,5.5,9.131884420042157
PY027,G1_Supportive,14,39.05305024264545,87.24405879998129,30.49392598866064,0.3533067018954418,0.3989921254669206,4.725439341629779,11.89182962094291,8.041968244632022,0.6309213398422746,204.5166025429896,49.87813071929041,6.816760074466526,3.050840659013526,3.765919415453,5.5,7.871425629311267
PY028,G2_PGF2a,0,39.06890277929761,115.0855949815098,19.1607647772464,5.510075650444578,1.80741602748815,30.73498297153456,17.53232789489212,41.13643829792898,1.508567477930804,264.3306542707703,93.30611076632222,6.511574235311299,2.242748640515258,4.268825594796041,20.22874247856745,3.517725724892722
PY028,G2_PGF2a,3,39.21998529293065,114.4989472941864,17.18088483239478,5.91899346102449,2.056606227961371,33.34019240659477,18.9051474536376,42.31335785534992,1.532139650597068,268.0950984143523,94.88194298717143,6.561788230783894,2.288464063233229,4.273324167550665,21.19448441825777,1.63961920568229
PY028,G2_PGF2a,7,39.16629186498162,119.6282754916725,22.94050486189801,5.976249450654961,2.049551794516321,32.97950249859034,19.58867437262421,43.04589425525445,1.599067405474762,267.9701326375664,89.20111691852821,6.604800750750029,2.172488082916482,4.432312667833547,21.31516061675627,0.7872831514390646
PY028,G2_PGF2a,14,39.14281300965054,116.3137194190723,21.97245005533598,6.040046309555036,2.199752342592865,31.41556327728432,18.8230673493958,42.93702826914632,1.538438926981045,282.7613413802698,96.86598963393598,6.591662034773908,2.282474616775988,4.30918741799792,22.07880144065131,1.06920883578574
PY029,G4_OHE,0,39.02965458454304,128.9326085994218,23.69357030126638,5.177070738337217,2.375459407474707,21.87788289524634,23.27360176581012,21.29751721557297,0.7596890299063942,298.3637292334755,55.13171431699206,6.488131047851994,3.159892539640055,3.328238508211939,14.58855633341958,9.881124549480667
PY029,G4_OHE,3,39.05569865173819,127.3048792614464,24.77649047261395,2.298482782658443,1.556997282270302,18.42008336813539,20.81255044960506,19.53234740489153,0.6456486932456207,281.2969316694155,36.55781093450354,6.488502477035827,3.10523497995953,3.383267497076297,,0.08
PY029,G4_OHE,7,38.62938634043761,118.4528898391531,22.30825883042105,1.454516571629558,1.341375212314327,16.55198065600208,19.77248855408617,18.7955360918735,0.6704541520127076,253.0842431265851,45.49837725961338,6.713973957892712,3.347408791539763,3.366565166352949,,0.2760479783607184
PY029,G4_OHE,14,38.26032844115953,112.0587113295802,17.18469052294673,0.6488772384816116,0.7912772364256656,14.42824210036807,18.99516941043032,18.67374988168602,0.6666355227688436,239.441321181363,36.76817923282808,6.878275546701881,3.386759260541497,3.491516286160385,,0.1770789023185032
PY030,G3_Aglepristone_PGF2a,0,39.26062654884199,126.6931692547183,32.85156997477966,6.231146630739364,1.573326686072043,13.10312672348188,18.11463058796463,12.78114782406804,0.7526004404290331,263.0692541374381,72.85424236042303,7.132318298739072,2.819606682249302,4.312711616489771,16.40133766238657,13.44466976747167
PY030,G3_Aglepristone_PGF2a,3,39.07988514515835,119.8015022552524,32.54603319815057,3.896549536034405,0.8081778721362954,10.99105009460877,16.70562487174419,11.10952852991161,0.7383099999040909,217.8519765151203,57.65982045935993,7.341355063995818,3.022526588475595,4.318828475520224,13.13074769156323,5.302539950405009
PY030,G3_Aglepristone_PGF2a,7,38.86887555111195,110.8747435548245,26.40135500584715,2.201136975680595,0.438826569302476,6.756609745196117,12.86743133014656,9.300537234700428,0.6483805251606806,204.2806436224632,58.34025635995747,7.356151944716856,3.066574412398829,4.289577532318026,10.24276786334166,2.609795126422101
PY030,G3_Aglepristone_PGF2a,14,38.63174559835574,114.4222378674005,28.92163757566649,1.15013237931748,0.0,7.005885961025435,10.98242119414997,8.755222303829804,0.7020891858282139,205.3725683603072,59.85473753419717,7.406108958519658,3.177316635057209,4.228792323462449,10.0246702300497,1.97361098657921
PY031,G2_PGF2a,0,39.04476163784534,138.4094742140715,33.90347989622527,2.926332638209939,1.256540801593982,18.1820586533672,8.961769402951322,29.16303067902393,1.069855893311095,342.522739040099,96.48601193911081,6.340314870850338,2.510455610837514,3.829859260012824,17.44537250634696,8.988363579629562
PY031,G2_PGF2a,3,38.99470296839595,139.4388008704811,32.5300959123506,3.241571864285286,1.492007698608508,15.88378559000249,10.39080568256364,28.4823806685982,1.107992671043722,344.5335416316215,102.5926546150203,6.401829133172887,2.545487732295642,3.856341400877245,18.69568491398636,4.274831149107763
PY031,G2_PGF2a,7,39.13844642938611,139.7812440669932,35.99196757411485,3.4125353267065,1.198321780686756,17.45151669952119,9.900794933388628,29.88614950306728,1.05132085263093,350.8092200640911,104.2907038408608,6.381884709649438,2.514050772386889,3.867833937262549,17.92791679982099,2.929245152130158
PY031,G2_PGF2a,14,39.05254329227797,145.5223450040213,34.87392713689143,3.435330288467854,1.221808042197891,19.46580778566718,8.677947854297043,30.41024445854447,1.081461102079004,355.2055635920576,102.7883316354059,6.509489203200673,2.526240882518766,3.983248320681907,17.75936824278031,1.939099905932933
PY032,G2_PGF2a,0,39.6001091168395,128.203584088463,28.78557774067514,2.99199435590252,2.590424260062147,19.46841741021899,9.205754628681273,23.71522642488084,1.075609090783552,344.5140892134744,74.4859520386665,6.717592547510344,2.927750913814521,3.789841633695824,15.61336187972681,9.256637674459537
PY032,G2_PGF2a,3,39.351911578255,129.7933689546226,27.18514011493735,0.3771058907673323,2.050172946091646,15.52561312765555,6.296159078086367,22.42335360463118,1.044822488977998,301.7611243538256,61.83021980763388,6.891540785469127,2.908930736603801,3.982610048865326,12.15716276470439,4.181727158066167
PY032,G2_PGF2a,7,39.08131415663482,117.23590883557,25.219952769941,0.2,1.542389173324493,12.3036330066609,4.501173374719992,21.69294642967414,0.9668768525806234,298.9632066261804,58.86233559578957,6.95054899744309,3.133227133916882,3.817321863526209,10.80137560831514,2.491884569202008
PY032,G2_PGF2a,14,39.12440626339369,117.0694684898746,22.84784132460426,0.2,1.056984829119642,14.79371865325502,4.096072040021614,19.80549666564913,0.9544106084828373,294.3451850488884,57.76900723999015,7.07501512566454,3.241863674505102,3.833151451159438,8.777219173285111,2.008999012137603
PY033,G2_PGF2a,0,39.30497062266147,115.1078219673443,34.1627338968193,7.931358326213431,0.8567882645012578,20.46951172082224,10.17964745992354,22.96033127324138,1.466903223255272,323.6856458416051,94.94256385588676,6.772370645130063,2.475022757434971,4.297347887695092,10.00846686219549,19.30341935689688
PY033,G2_PGF2a,3,39.0543989415544,106.9617390680279,31.59361515316815,5.985239493721382,0.1714553445081962,16.19263306585808,7.458962591159167,20.69634254362234,1.33572500418843,289.1661748416167,95.7358680316858,6.847468529551523,2.600614174130056,4.246854355421467,7.366138889825845,8.71807402246714
PY033,G2_PGF2a,7,38.90792105641289,105.1017294717293,33.47234634030045,3.893970041406936,0.0,15.3503060124336,4.541763727140448,21.26643570972167,1.303793660734818,267.569456501247,84.16708797469863,7.108018281391153,2.669274343288643,4.438743938102509,5.5,5.289180396226816
PY033,G2_PGF2a,14,38.8253880744685,100.8378007791613,29.95931742348103,2.681682862763742,0.0,11.91844708160878,4.557784561271642,17.98027323325172,1.392774766910992,257.9367057135321,85.98020047017974,6.993464843628232,2.735406516056461,4.258058327571771,5.5,4.744390169670941
PY034,G1_Supportive,0,39.58757030637314,156.6373036458545,24.38952617510213,6.719708973429997,2.01533083854737,20.54143791883312,16.39971775630961,27.95432371277071,1.451014751233084,259.4703583993555,119.3283067073003,7.021180820887232,2.476386549394171,4.544794271493061,19.95749299703363,14.08566652344611
PY034,G1_Supportive,3,39.42506397121821,148.8302223118258,20.47203127872469,4.608408646045619,1.261814729717939,18.39448159278764,14.04147277136665,26.89648232685892,1.391312225537867,231.1124768861007,116.179064114785,7.103736446141507,2.559752881738064,4.543983564403443,16.70428404715094,10.81530102807879
PY034,G1_Supportive,7,39.29274936924445,145.8936992722344,20.91167513439766,2.750828927916222,0.6040004667734975,14.66433725823527,11.70868896315875,24.10553160785856,1.322324956943798,215.6830198407496,106.9474053294636,7.357514962812527,2.674253524865044,4.683261437947483,14.17301619477188,8.96861537240909
PY034,G1_Supportive,14,39.11720445600804,137.0769106286111,20.12960736015007,2.212179309336425,0.7744440502316928,11.42584835518567,11.26129805470733,23.57193715970087,1.343173542932512,196.7688085641572,107.1944200596535,7.448762638786121,2.783928743494046,4.664833895292075,13.46766687148333,7.530775155534837
PY035,G4_OHE,0,39.81893189447758,121.9065031807265,27.71982922161469,6.017518466545376,2.410309935955212,19.77722169703118,14.0659245863256,28.65989577497756,1.072635074892973,319.576783871626,117.8677047211987,6.514228487339957,2.426711000016653,4.087517487323304,16.39343305290689,7.507370282366673
PY035,G4_OHE,3,39.8549732306448,121.8927742489172,30.26899504772334,4.26491056170977,1.627795923141807,15.71055917203484,12.8035622806894,26.44067494005386,1.029523991707587,300.7817089708054,113.0273161513462,6.54308680528665,2.461035253214841,4.082051552071809,,0.1303649415378182
PY035,G4_OHE,7,39.46005301594285,112.8499518450584,22.2805274985017,2.113714411245347,1.317219222581767,13.8771507014894,10.26059433398102,25.366288893585,1.004524216702422,262.7751237906426,98.87609655142089,6.672891944928171,2.653735883890762,4.019156061037409,,0.1893247815200485
PY035,G4_OHE,14,39.29121185154307,105.5311704937304,23.77988377482008,1.052198302911947,0.8790645074813357,13.93904648105978,7.912905711490283,27.2568911675204,0.9487854406503938,247.8181956297707,102.3512123119976,6.76735449431844,2.62824653482014,4.1391079594983,,0.22576424205492
PY036,G3_Aglepristone_PGF2a,0,39.75712338993561,96.16578864168228,34.44811973910672,5.896341242100123,0.7276805578793983,22.02474481059701,11.88231882430784,32.16688351393142,1.078790224916033,338.7539166466343,104.0517250824084,6.543540706967222,2.671179158766148,3.872361548201074,24.71276804910965,9.09802871352824
PY036,G3_Aglepristone_PGF2a,3,39.51904579877238,90.32659156878616,30.83898136438516,3.723292566371217,0.08809578038265657,18.7356339568956,9.824081498301563,29.79610322732568,1.052288547126103,310.2357395970108,92.04720024945023,6.594471392362676,2.803067124289631,3.791404268073046,20.74938142492726,3.497133695326689
PY036,G3_Aglepristone_PGF2a,7,39.48790358981294,79.89589553373028,30.05401659495582,1.37273420892428,0.0,15.93156365286206,7.438689924101543,29.64617528044715,1.018015091559113,272.8562154931826,91.96537988997686,6.772211379704171,2.83610197017041,3.93610940953376,18.94079757772205,1.980313503511116
PY036,G3_Aglepristone_PGF2a,14,39.20464605649479,77.6237475387411,27.93380441590188,0.5304025254661917,0.0,15.96553249461138,6.587305854657043,28.51768809132754,0.9764561040123991,278.0790468017529,89.03558726808048,6.769134229039665,2.927292740664286,3.841841488375378,17.78326954246309,0.7668780119614096
PY037,G4_OHE,0,39.34290046455047,147.9695293524887,29.74996230848039,4.196582048237335,2.994647747759164,21.60823356848783,16.87183370926271,18.87611293806427,0.9679644911692953,237.4958326309673,94.5988028250162,6.232904874755619,2.857479687456726,3.375425187298894,18.68797134959645,10.99482837110866
PY037,G4_OHE,3,39.22774693098581,144.1833771654279,29.75178475007387,1.864413665825562,2.40902620652738,17.7061730465229,14.46099005860952,16.60642803579563,0.8996079163308287,192.2200124458281,87.5821062984263,6.225723698101636,2.919359061487578,3.306364636614058,,0.1750256830432602
PY037,G4_OHE,7,38.97719157212521,137.2158901605083,25.00044003213618,0.2,1.896873101640482,16.73765779106332,12.37620890074369,14.93167801224008,0.8469883848129609,206.8359303770808,83.98608139746855,6.536751591224972,3.006394948414022,3.53035664281095,,0.131627125383376
PY037,G4_OHE,14,38.66385321888031,131.1387631539705,27.7031744558534,0.2,1.690894537403052,12.67430535579258,10.61801055595743,15.92663183957113,0.8337924052654792,177.184959793105,85.10807856591853,6.374767022088206,3.123590717010951,3.251176305077255,,0.1518939110481483
PY038,G4_OHE,0,39.51726781240449,128.1907617682124,35.22763816908159,5.54485521702846,2.253157492687105,11.08425291914766,15.90809582389513,22.65112340116501,1.061554229938245,232.5892304871633,102.0869963762542,6.776277361329387,2.654752423352976,4.121524937976411,20.65534527304361,11.84231825029249
PY038,G4_OHE,3,39.44447527694791,127.854902588116,37.21553116426964,2.675276294684755,1.542308974759103,7.639433215267724,12.81516063979568,20.08792362556279,0.985121175364274,213.8111131320926,91.57359619443652,6.773364435102906,2.740158722404613,4.033205712698292,,0.2264750582356551
PY038,G4_OHE,7,39.29399216534602,121.1204800762303,33.211829399133,2.053684498250322,1.113369237209787,5.127507807619986,12.46921850205421,17.5841479818967,1.000597422049825,183.3737976606158,88.14704893471936,7.006751727766075,2.918432408276315,4.088319319489761,,0.2042028531089831
PY038,G4_OHE,14,38.64454745021407,103.6496198564687,29.55066891614409,0.747464432928433,0.9094740208143322,2.186514761107486,11.5482692535568,19.88836151375168,0.9614120590611102,175.4129076276406,81.19395638660876,7.117279136974472,2.956576538455622,4.160702598518849,,0.1381458567029433
PY039,G2_PGF2a,0,40.03298659917363,137.3962221389821,28.47000160995358,4.807265475871541,2.271468302578348,21.40084385561914,9.581749899072681,23.26224166818639,1.091061740062975,346.6639356683027,73.7812827269388,6.915319037152983,2.86414377872445,4.051175258428533,15.63943822259593,10.1098744755268
PY039,G2_PGF2a,3,39.73180376936895,122.8891892414931,26.79167478336279,2.844092920237869,1.408271457841421,18.1404711349548,6.62318976599695,23.17495240987698,1.069248775884825,310.0857814650594,68.93629864727919,7.120570646951593,2.993320419035984,4.127250227915608,12.04481740744294,4.582746178593984
PY039,G2_PGF2a,7,39.57486888164976,131.1640246889526,25.54887313523387,1.361497508073682,1.020724846456243,16.69007777758199,4.651266425749456,18.68783427234279,0.9904319764532141,303.3468159655706,61.46029660864812,7.123950932261043,3.104807391693181,4.019143540567862,10.98430747963166,2.586687253720134
PY039,G2_PGF2a,14,39.60453991185532,119.6326991766495,26.59917971792685,0.2,0.7399461788955125,14.27532038984319,4.883066607776567,18.67930259265764,1.001709705981167,282.2534542598224,65.10222904440688,7.202072708545541,3.218948608849852,3.983124099695689,8.657842020765301,1.973867640445078
PY040,G4_OHE,0,39.4040009688991,120.5830292319863,30.96249610545066,4.90191155290762,2.325828375743155,11.16932368608667,10.05069187079052,26.24748473109032,1.056984748868497,282.5861788106605,67.99387460602274,6.441177030625934,2.45388302060218,3.987294010023754,24.96903881333337,5.268584479731557
PY040,G4_OHE,3,39.38052845256786,124.7528435837852,32.92294842334588,3.045949469034425,1.581365808569319,7.844861508748061,8.009234427119832,24.21774022937092,0.9432007031458847,262.5790118734972,55.42537633209994,6.433088188488248,2.517618140073363,3.915470048414885,,0.1393418246199844
PY040,G4_OHE,7,38.86387427646995,105.9778879289171,26.09814747393093,0.8491594765562656,1.107939014484679,4.478493295919642,5.579764738892296,23.29346574576909,0.9574897850410781,219.4456318588241,52.28883332256891,6.772819527414616,2.657512766658032,4.115306760756584,,0.1763179084923382
PY040,G4_OHE,14,38.80916851209777,108.4925559082902,24.50480402894772,0.2,0.8485740840547698,3.129345884545328,5.038085269482426,24.49393205361117,0.9574265785710481,228.8304814171439,45.62242280528681,6.668485594698621,2.653567533531591,4.01491806116703,,0.2038231027402404
PY041,G2_PGF2a,0,39.10814437072812,165.0,18.71873551882368,7.949465123718294,1.599932890334322,11.39403168409953,12.23825529320962,28.04017789470189,1.281442021661507,412.8408628569107,98.49125301287282,6.656281816928418,2.621162709911944,4.035119107016474,22.62501375337992,13.82158792474573
PY041,G2_PGF2a,3,39.22254603872702,169.4963896254123,20.46850556216246,8.579875699452357,1.85411827550803,14.66389107835171,14.14196491159317,28.6843337534816,1.275565694025835,425.3449504422447,97.2647255608071,6.674913139277701,2.652939598167967,4.021973541109734,22.88346339713598,6.70944148651653
PY041,G2_PGF2a,7,39.00122041598561,166.8022219077982,18.68988996863046,8.650469520562813,1.881957082410314,13.42801829759088,13.71267110635769,26.89794162368362,1.282674743054267,429.4852766937944,102.5226606821517,6.550663577700534,2.684334136680127,3.866329441020407,23.14595615037481,4.12175665020223
PY041,G2_PGF2a,14,39.26501538661243,166.1247033668646,20.44224490449697,8.168308606590976,1.656846492686344,14.53859986402687,13.25858860329032,31.33474191743274,1.313415624196212,421.7113388278015,101.8679477777481,6.675093022780337,2.680364424999231,3.994728597781106,23.97750276342327,3.124239412507332
PY042,G2_PGF2a,0,40.12709928399416,110.7284325581919,16.0,6.515110105719424,1.104541030638531,21.27697973675714,14.22920190088576,26.47895675947255,0.9616552387324395,355.0694504974071,81.21246134476661,6.725345364630243,2.801014903677152,3.924330460953091,15.20023283467088,12.66997946922019
PY042,G2_PGF2a,3,39.93801831695264,106.3625526469705,17.54796276474347,3.993150733287482,0.2616368051428644,17.61106721006284,10.51486386904953,25.98228165270969,0.8673470019987635,330.3390130597451,74.28278916564834,6.770588498778211,2.946399744739952,3.824188754038259,11.09261432386176,5.882432396867038
PY042,G2_PGF2a,7,39.77813945264909,100.5409430426987,10.20162982847374,2.598668909338284,0.02219937751534112,13.23194238639599,9.066700018205642,22.07773200824541,0.8656126577807719,311.6502454846556,69.3125166592672,6.947083967537968,2.979089573548427,3.967994393989541,10.44792203144387,3.32302571801988
PY042,G2_PGF2a,14,39.67006116678902,100.2931550270248,10.09813600595974,1.527843847745433,0.0,14.19053974876938,8.602097611444755,24.02829933650536,0.7824923851611446,298.3349824823332,62.52180057535504,7.011631105392249,2.979989694316094,4.031641411076155,8.68774883786271,3.314235972603534
PY043,G4_OHE,0,39.5496112862869,104.6185536265276,20.15942262658472,6.953054195803766,2.356157193158997,16.91997070741282,13.63371256265232,21.59774758472212,0.9633634628536066,306.6464393991968,62.16967968782473,6.560526718735701,2.745103545617951,3.815423173117749,16.23933924867809,6.443646240547209
PY043,G4_OHE,3,39.42513808783407,109.7727885660495,19.29928264075502,4.455210695995842,1.517890426274784,13.59647526571518,11.35680685678607,18.21370146807856,0.86950921975156,273.2269755636493,53.53268733082977,6.500831968168381,2.885330813728317,3.615501154440064,,0.2981090193963408
PY043,G4_OHE,7,39.21893200879225,91.65009495197366,17.17504934791138,3.050504047675458,1.048240913360184,11.61375030993015,10.18630070868885,17.23909305075237,0.8496533741822926,259.3981698344638,49.72033937337566,6.654693358940352,2.877732828138348,3.776960530802004,,0.2161985165196299
PY043,G4_OHE,14,38.95870431353266,90.81621840390653,12.94159852214321,2.316650272452385,0.8895621878305148,10.25536214659117,7.03841215233877,17.47663878639776,0.8202571510101471,248.2194216218524,46.45228266731478,6.879689511519357,3.008208653766533,3.871480857752825,,0.2404052965635502
PY044,G1_Supportive,0,39.34094897730794,115.2157916263225,28.66127940284309,6.355372549289931,2.037753786498927,14.37449117039116,15.86616366881817,10.76724775403339,0.45,249.2618885979254,59.77071664151052,6.85750857341902,3.165679750500454,3.691828822918566,23.05264849120996,9.271671830249215
PY044,G1_Supportive,3,39.14729240913262,104.015807572707,28.78606542341812,4.090196174131426,1.300995886019139,10.69781460854745,12.19005353910118,10.01535272437543,0.328455785122432,220.5347243248329,48.78140274278859,6.942022020824138,3.297256235742661,3.644765785081477,19.03431597312812,7.718082916212006
PY044,G1_Supportive,7,38.86150374536192,103.05667016323,26.2617411849201,2.410451656287029,1.080436459146407,10.01966091466447,11.49066948519726,7.097944761495349,0.3657045906919986,203.4440928232002,52.29334455573548,7.070953299518799,3.489813589357942,3.581139710160858,16.46791024038292,5.503418438486484
PY044,G1_Supportive,14,38.84453318006701,99.63397913322156,26.28251701985083,1.673733396983413,0.6651393453121848,8.207435381418009,10.96652077948056,4.680139077903926,0.3589161882388419,197.2759461264465,43.77489591834104,7.051902752927354,3.455304788753803,3.596597964173552,17.17105862225353,5.298424904492846
PY045,G3_Aglepristone_PGF2a,0,39.5570899165638,137.4685231354204,23.65452972300751,9.038380786162215,3.0,24.05755210926848,14.80950201492377,32.36456843067179,1.156841147730434,394.5655940681144,113.9681646829531,6.326592364476681,2.275274429581894,4.051317934894787,10.0,10.16319470562902
PY045,G3_Aglepristone_PGF2a,3,39.63584872332807,142.2893853133677,23.01236535544565,9.840445096357444,3.137660588862879,25.27729059703055,16.45821623600989,32.53016087077643,1.220417815883859,390.2006761278992,115.7383614565353,6.316521113193303,2.21889972692607,4.097621386267232,9.988184823307112,3.919788116085258
PY045,G3_Aglepristone_PGF2a,7,39.78586656583686,135.9790815287237,25.22528389531129,9.366675113909928,3.101979863630642,25.77477008367045,16.02833348880099,35.31600985992297,1.147155667597326,395.6068796792077,112.44211038446,6.328038865503881,2.333963776599424,3.994075088904458,10.1148856031721,1.579109432551569
PY045,G3_Aglepristone_PGF2a,14,39.75474243369413,139.4681261491685,25.55462531078753,9.019443718280826,3.177117571476651,24.46450802018932,16.63398922951034,32.35672617217748,1.261846917848865,428.2962379101647,126.6070589452567,6.338345401974038,2.285456711793784,4.052888690180254,11.18430477007209,1.322036903575992
PY046,G4_OHE,0,39.29067487043566,134.3122830562277,36.35033743942453,7.161396833842107,1.311005257828772,23.33783339355812,17.70378475453188,22.17628929979398,0.8463759291786694,357.8021619218387,48.13123621076225,6.538855181795439,2.663011421514096,3.875843760281343,17.79201137068189,5.992073700064746
PY046,G4_OHE,3,39.36591961636172,136.2206212362046,39.63214446309273,4.712275520803201,0.7910962282889444,21.00597113925373,15.95174956354872,20.51497946206867,0.7491511897157369,330.5621628325597,42.2040631519127,6.488087222274104,2.654529769727974,3.83355745254613,,0.1555703020444842
PY046,G4_OHE,7,38.93511765079386,120.4230167688247,34.11165089833094,3.308522205765618,0.0,17.29316235379202,13.23889691521249,19.51450459229068,0.7299775088670228,312.3178003537627,38.31685439167518,6.784629916768569,2.868523812767538,3.916106104001031,,0.1849422117225723
PY046,G4_OHE,14,38.73555938631524,118.7373940960841,33.83314556308607,2.54488564329306,0.0,17.16076438130301,12.42857589161087,18.60336972961933,0.7607862541006288,285.9846304833721,28.33798728072185,6.77591291907233,2.961450518764668,3.814462400307662,,0.1676959357413209
PY047,G3_Aglepristone_PGF2a,0,39.75812551951429,111.9753898384953,24.5165000312129,6.173888451664585,1.389808618534025,14.64661143720041,17.35770891646515,19.04522254563582,0.8808792891128475,170.7781796079603,78.19320614448182,6.90516109485435,2.721783470954448,4.183377623899902,21.25503826965741,10.47216603430791
PY047,G3_Aglepristone_PGF2a,3,39.44719743308075,102.8345521178956,22.0858098826694,3.830120454984819,0.6745136977337133,10.68897496507788,14.76142546579139,17.31601982815914,0.7765365444097958,125.1597962491464,61.50853740228671,7.006771054314489,2.826871082376004,4.179899971938486,18.02033777592598,3.842091967495311
PY047,G3_Aglepristone_PGF2a,7,39.39149880399186,104.5090721998637,20.85003833541656,2.40186333849452,0.2117973986559875,9.112103918252439,14.69510049777262,15.67120791711875,0.8188398917754273,130.0177058626255,62.39309849505553,7.055986533305822,3.001256228540196,4.054730304765626,15.18869296195002,2.302030959418531
PY047,G3_Aglepristone_PGF2a,14,39.22720191675111,95.7015866270041,18.57606675641674,1.123712617996431,0.0,9.167091583232555,12.20422246923857,16.0749034448773,0.7650260383464059,116.499413444959,61.24800047846315,7.230673255792477,2.944709885366958,4.285963370425519,13.37936305853074,1.323498926629264
PY048,G3_Aglepristone_PGF2a,0,39.0866501737323,147.7867574277496,38.39189377487045,7.815344784506808,2.79901699420971,20.56926215319715,9.99326461793061,24.06469167046789,0.8694743847820601,189.0869630171747,74.61070358819349,6.495805185021036,2.672477662647398,3.823327522373638,22.13874087263613,9.510187967104553
PY048,G3_Aglepristone_PGF2a,3,38.82419786398064,140.5032925012478,35.88892425874582,5.040818174683078,1.963319408619097,16.10412080392313,7.565658584701399,23.06071559394558,0.8119498841809021,151.1122091938609,70.25659893247159,6.625670004846902,2.881081634593819,3.744588370253083,18.56417635365004,3.971307572899383
PY048,G3_Aglepristone_PGF2a,7,38.62359751754686,133.7577304411794,34.98429556113179,3.127222908222842,1.330862251034286,15.49568242655798,6.61031495892945,21.83102831819311,0.7748999009884029,148.7447270956988,61.45083463669255,6.655953159876863,2.860126067168053,3.79582709270881,16.64318818323603,1.747710483156121
PY048,G3_Aglepristone_PGF2a,14,38.72538931048184,131.2835969404777,35.17119197630014,2.799420192087863,1.074994897636881,12.59434053621679,6.173799154625361,19.94531472372907,0.7012301444030073,118.1700061936956,63.46795789549392,6.815923242018721,2.882263967949497,3.933659274069225,14.63633630600522,1.239129514052886
PY049,G1_Supportive,0,39.6408375953736,142.0677748507417,39.06038780750872,6.374648370657269,1.516651172944246,13.82907350346639,14.19245976426615,29.36689942622483,1.120372322954777,433.2278591369734,85.42911801321519,6.913637366673195,2.816497449491738,4.097139917181458,19.83204894582175,6.995825836964428
PY049,G1_Supportive,3,39.71532579461456,145.553446028618,41.52182934184472,6.668274111330884,1.215355590909464,14.57675999700912,15.50820758240208,29.60985311672236,1.114175442230902,433.021646065219,96.9792613420615,6.967212816622246,2.788644741975108,4.178568074647139,20.64059193781024,5.362858821654231
PY049,G1_Supportive,7,39.58503283673914,142.5454706100543,41.14533117140063,6.881641620901771,1.800050355590528,15.52045701155662,14.8306372780904,31.42147542875482,1.174851274546018,448.5236417012983,88.35765568351185,6.921859839616324,2.831873909844434,4.08998592977189,20.29296715440137,4.377317481996365
PY049,G1_Supportive,14,39.7378614115164,143.5748557587744,41.03150528104843,6.486115705044845,1.65046368860245,13.22828694965681,14.28161166644669,30.75446487904511,1.11811608940033,449.9534767287105,96.17244700883164,6.912770845021276,2.833400033062969,4.079370811958307,20.62792686990857,3.422542099279537
PY050,G1_Supportive,0,38.65415051116167,107.8521486839789,31.44673753007829,3.041669970371084,1.413887592459395,23.5420902696511,18.12493053197474,32.36559682300435,1.163603381102349,341.522638024747,93.81584205422936,6.106301577143703,2.503986897619294,3.602314679524409,20.94262825239717,14.02967443199766
PY050,G1_Supportive,3,38.82462362168057,109.2078102754534,33.72938234953062,2.924455633175532,1.455953394417281,25.2704286069406,18.15754021787929,33.0783540470374,1.263164229042465,337.5742372317447,98.18147802040075,6.054817100171332,2.483643734474859,3.571173365696474,21.53350231723978,11.30033527592987
PY050,G1_Supportive,7,38.7795132040881,110.1114505773057,34.58436689217597,3.593650511331412,1.552516689246345,27.45929096646462,18.97604468247906,33.35470703096755,1.209136634475575,362.9863071990104,92.67923316277414,6.143413078852602,2.518617005871727,3.624796072980875,21.13110562174101,8.975693522952794
PY050,G1_Supportive,14,38.79805894005683,112.2872563969547,35.77825161689275,4.117961900548985,1.603497597385344,25.13729112477955,19.32972820785773,33.21329621362985,1.189940323900016,346.2710128103141,108.0530645944025,6.153843019589632,2.570699709623414,3.583143309966219,20.82010514386286,7.153624647175805
PY051,G3_Aglepristone_PGF2a,0,39.17497762796729,144.6436515062594,39.86010277412606,7.630116787009182,2.570098861564357,14.80260208575907,18.97801104727607,24.00841628223476,1.0463568410119,367.4281161999305,83.59222573056795,6.312661993086037,2.430815356229542,3.881846636856495,14.76282445755823,14.51582534541447
PY051,G3_Aglepristone_PGF2a,3,39.02702880252768,137.8123069821479,36.76751865957264,5.627898650378081,1.680235605418621,10.7674352330148,14.04001319456246,21.25784071886633,0.9004205256187696,337.1227924288304,77.87790229733972,6.277031655422424,2.513149350403724,3.7638823050187,11.00939225332642,5.818364964837503
PY051,G3_Aglepristone_PGF2a,7,38.75058885385618,134.5878110242881,33.15537509360692,3.779146702325593,1.298969490549206,9.24864054696681,15.55599249165053,18.45850880585503,0.9370218722571807,311.0193553262756,78.4779055127384,6.565696730440274,2.659674196280869,3.906022534159405,8.722269522453287,2.692041569829422
PY051,G3_Aglepristone_PGF2a,14,38.78153929529476,131.2234171856454,34.53791167789971,2.679964794062486,1.062533314266348,8.90942178776704,12.74918503601535,19.46445793582673,0.8990633243857511,296.5738178216953,61.5466570056345,6.626876170631367,2.691978527820188,3.934897642811179,8.023916430330168,2.10474194547366
PY052,G3_Aglepristone_PGF2a,0,39.280383308957,99.82218850786178,36.43364831801016,4.480033708283238,2.180657496653081,17.29738614850762,17.31009993590737,25.63047895125916,1.333290640877807,411.5629731204282,88.67261866925934,6.623734260434039,2.653099937551412,3.970634322882628,24.82447196967364,18.19714517395468
PY052,G3_Aglepristone_PGF2a,3,39.00123650401331,91.35682801802454,36.38072362185765,1.716663386812117,1.461009588999112,14.2351450213312,14.8575846160883,23.41244476685242,1.261748920856926,385.9018031806446,83.49861650888201,6.675462527002639,2.826558326753524,3.848904200249115,21.16027319820419,7.365085425406193
PY052,G3_Aglepristone_PGF2a,7,38.78403549534333,92.81519328828142,32.6052730233134,0.2,0.9676335310539141,12.3089213653507,13.76452552560403,23.10318110680581,1.325483375344554,365.1272770665585,71.20566613187681,6.803158555264856,2.891415126279385,3.911743428985472,18.41267694597255,3.85115273048909
PY052,G3_Aglepristone_PGF2a,14,38.95760359102257,86.67511434245436,30.94512334446933,0.2,0.8454697190676693,10.17746506858493,12.20800909024762,21.87004989246141,1.216464411241915,351.9144294256465,72.05980876206361,6.892833062419399,2.84300668327634,4.04982637914306,17.28433352187432,2.673053047228372
PY053,G2_PGF2a,0,39.22183879264293,112.6543103654041,30.14478621231853,6.579840879043776,1.567376465431836,11.75760272042176,16.93030009068088,20.27583253186395,0.8594688693018969,309.9518264875364,50.08353778320027,6.555288968748202,2.846010253311943,3.709278715436259,21.30670157150885,11.402541010244
PY053,G2_PGF2a,3,39.00802966560346,99.36079251614082,29.11050240899099,4.176987121370813,0.9622639648562807,8.642099520603129,14.9870312742171,18.09189317743853,0.7982928440627483,273.8684621593455,36.75937484195758,6.805309419667336,2.963690492242876,3.841618927424459,17.67661018636712,5.619363726797125
PY053,G2_PGF2a,7,38.94350190277134,100.4143334611689,26.03802102670176,2.801596014586726,0.230568085866269,6.198509853493372,12.37648547562485,18.64560065225968,0.746644843850594,261.5628696201384,38.38574125228097,6.792317140367849,3.022205804384245,3.770111335983604,14.69779926052531,2.58158492766414
PY053,G2_PGF2a,14,38.72682622345077,95.78373478767551,27.01270841978621,1.560255017604891,0.09459782324009369,5.115433651119907,11.31675109911519,16.74341105174148,0.7382449055336106,266.0107421677872,27.98904093649751,6.814057105759614,3.136006191160024,3.678050914599589,13.45330132541497,2.904553556236219
PY054,G3_Aglepristone_PGF2a,0,39.33200412456822,135.252858036929,26.59727755994518,4.914615923269483,1.55517788990237,23.8970064411763,15.61645089664952,28.10252857652421,1.181911424295704,319.7828756725035,90.89253641392585,6.612579073125116,2.317054606886886,4.29552446623823,19.37737209377721,12.41620257647334
PY054,G3_Aglepristone_PGF2a,3,39.04501229104219,127.4331752830837,24.32118064370097,2.202448189665346,0.6063453169775436,19.08679713403501,13.49707926827879,27.52090709259808,1.138718587510967,288.3530674068415,75.3631530035892,6.851875336663676,2.521880167234839,4.329995169428837,16.70394730641231,4.853925837525566
PY054,G3_Aglepristone_PGF2a,7,38.85350752193005,124.9471300205342,20.38265569258573,0.6709496808777868,0.3465049316248867,18.34942179520626,11.0047162177277,22.44567701147802,1.062035427057551,263.6279171460153,77.17406390165007,6.81902924829093,2.642233097911785,4.176796150379145,13.96006625576179,2.062944502108817
PY054,G3_Aglepristone_PGF2a,14,38.82990716135058,123.2791985595337,21.17543883523939,0.2,0.1012601596295025,15.95250069138604,10.11838608020376,24.51598389325083,1.11096314572457,263.7456632636234,78.6938533355038,6.885075887230478,2.55735325661353,4.327722630616949,12.75656338167925,1.449300304435978
PY055,G4_OHE,0,40.046358235173,119.0108286555091,29.57395443172346,7.450551752131537,1.816607246465481,18.51092865375579,12.18521152293078,26.56763303032238,1.398484842825396,295.2781108369838,85.85163892427306,6.91939870053694,2.454543175378513,4.464855525158427,15.3244021031359,15.74139487364137
PY055,G4_OHE,3,39.79397879486438,121.2671494348807,29.41468524276595,5.018178005617145,1.115201742892414,16.43503060345872,8.505368918392483,23.13125717503482,1.313735265675889,247.1134989298154,75.1974196939196,6.843159479132891,2.442553613941482,4.400605865191409,,0.2147576693319436
PY055,G4_OHE,7,39.59258166615787,108.1943070698139,27.14827334860366,3.741263226816518,0.7452968341123806,12.11987112596192,6.927605758062651,23.90922283163317,1.296782955229716,250.1927976756834,71.49953894786249,7.22443812585423,2.666800344964712,4.557637780889518,,0.236541468507386
PY055,G4_OHE,14,39.51700646942652,102.3108367027364,25.93546279276425,2.766508125058921,0.1858584748929523,12.98169548214818,7.655470363134842,21.36685207843281,1.224838240123189,238.0946997765974,65.41574492256763,7.206801799134947,2.730884850690063,4.475916948444884,,0.1471544194796859
PY056,G1_Supportive,0,38.97495025584746,125.8451291019972,26.13319285484629,7.764433992942608,1.494232920822336,15.60729258659601,11.63953576115527,20.73686782812813,0.8217948448536538,329.3718005750559,65.22334515589411,6.074081200949851,2.74140672361726,3.332674477332591,20.13504908321311,17.16053722961453
PY056,G1_Supportive,3,38.61220016762487,118.4030653314334,24.13821719413023,5.344381892172114,0.6714295110836876,12.93297420519756,8.180165345536034,19.43100486091701,0.7304225297173874,293.6974864002526,59.63006577339372,6.326061616110028,2.831597496248988,3.49446411986104,16.53299871436104,13.53628861816935
PY056,G1_Supportive,7,38.54120314216246,115.6203109907093,18.86159911045043,4.091051806115176,0.09003014436192133,11.34154721258527,7.530083141888405,16.80446992371686,0.7437937344511171,300.0447933915789,51.88153610109218,6.300153032711763,2.961065592789756,3.339087439922007,14.97462815011424,10.80555380108675
PY056,G1_Supportive,14,38.48022126145926,111.0759878341124,18.97238909701774,3.424090494406699,0.0869232788626677,9.279807197424837,6.312615236605756,18.94439134603137,0.7175766602127966,260.000629090645,45.85859263499815,6.380281877065809,3.011711186949172,3.368570690116638,13.82728594637245,9.182011238278482
PY057,G3_Aglepristone_PGF2a,0,39.30765427546635,105.8252802609001,30.03966051415136,3.949423165020741,1.368219003663688,13.10590927384313,18.34223218992646,10.0,0.45,179.0569789412085,30.0,6.656179744312322,3.074274222820273,3.581905521492049,16.67980398628907,16.86656020554211
PY057,G3_Aglepristone_PGF2a,3,39.05920084365921,95.76336800736837,26.15185786306914,1.624713920682816,0.8745160378285196,7.654707008343017,16.7317581527294,8.601552384485695,0.3910212372377943,141.0006499579204,20.68470339509258,6.813892373265939,3.153789710790039,3.6601026624759,12.25274391640599,6.5775311640662
PY057,G3_Aglepristone_PGF2a,7,38.77013622804767,100.0895727989124,27.22719012605473,0.2,0.2769620551389971,7.667315266107357,13.4301223277832,5.294518159032957,0.3897378359456912,119.3579246833532,14.76059713544635,6.84419436672804,3.396717732124602,3.447476634603438,9.797221669654652,3.283581405244179
PY057,G3_Aglepristone_PGF2a,14,38.78401662698462,85.20899639283388,23.40109775898514,0.2,0.0,5.066259769419618,12.99121696432554,3.287796482247824,0.33885422387719,129.7760989576174,23.60410318387072,6.975113132861551,3.274907264276547,3.700205868585004,9.94354190822482,2.261319315042407
PY058,G2_PGF2a,0,39.85500012583005,132.5679082400855,21.59863367582301,4.817049108443319,0.7982979496836984,15.44906892779969,11.95055454959041,13.56915313450859,0.8136751567303963,328.6854605105133,54.57225445566876,6.909611776109291,2.756742757975264,4.152869018134028,17.19119476477416,18.56688287139262
PY058,G2_PGF2a,3,39.44025909065159,121.9444677514833,18.51647690698536,2.390144013874711,0.0,11.62633141713549,9.197162965335448,11.2157755800841,0.7567115084514008,302.3845383522803,42.8570075823049,7.115095072254829,2.845924473602468,4.269170598652361,13.35997706060811,8.936983236790008
PY058,G2_PGF2a,7,39.48995089592739,122.8873439043788,19.62289811325961,0.7360284343073953,0.0,8.79654803540818,6.299150975257099,10.59186808914524,0.7267613429779326,277.2061747934038,40.86342232251482,7.107712628243844,2.936748548636818,4.170964079607026,10.68218232176766,4.761187570773967
PY058,G2_PGF2a,14,39.27855053000746,115.1659126542341,19.06261445599257,0.2,0.0,7.875478269122923,7.36793061766985,9.025955325180972,0.7465979042890996,261.6214396424417,41.6114989765391,7.200338303536792,3.013363989199317,4.186974314337474,9.378039349042709,4.317842976605539
PY059,G1_Supportive,0,39.92911513186098,134.6123712244468,29.59393638792572,2.748609745855989,0.7143029050378911,25.23929126720316,13.8543517573137,25.46142375565424,0.9304890309784937,452.0649649266142,78.68706430897822,6.747372247571861,2.920918245156,3.826454002415861,16.61212779539915,3.927763212952371
PY059,G1_Supportive,3,39.77649925573083,127.8247129215692,27.89820894952938,0.6214655494015702,0.0,20.19688316817539,10.24987077295891,22.47074812448044,0.8422332464481231,414.732070191715,65.77413412349972,6.877401643227656,3.006993468535009,3.870408174692647,11.61745498820953,3.16375611593106
PY059,G1_Supportive,7,39.5450665183681,126.2412033112508,23.85555981057044,0.2,0.0,19.33290616668768,10.49468201077696,23.61342789923538,0.8197641133787165,398.2421223594684,63.6648725202076,6.982154060900958,3.216372899290709,3.765781161610249,10.24391879139984,2.465398994449228
PY059,G1_Supportive,14,39.67362113880959,123.3563288577193,23.65773818907306,0.2,0.0,19.20523386541265,8.21956988114648,21.93104905705768,0.8225987956365688,395.6243529155742,61.85187820681195,7.036769417182167,3.231911637240695,3.804857779941472,9.099583292896952,1.978130549188029
PY060,G4_OHE,0,38.97950045747612,143.2336771922272,38.39814695159355,6.396287270245801,1.720139623264967,18.21692060665671,14.22050544462032,23.72932093342385,1.138155672039443,302.1072985684451,88.11188679106142,6.579323330815486,2.667160420165561,3.912162910649924,22.7208274591939,11.55025448365425
PY060,G4_OHE,3,38.93549276897809,146.9781088824519,38.70728879495415,4.0714115161934,1.064077658221326,16.51380175146469,11.05745898107988,22.24218887354625,1.107020679124717,277.5602227088405,78.83315004483408,6.620154980273335,2.724904638459691,3.895250341813643,,0.2238145886329351
PY060,G4_OHE,7,38.61332397025222,135.1568152489693,38.4001695105758,2.471585791389854,0.5007632632463886,13.48342149403325,12.07889305876054,21.53403049271726,1.064377857457435,248.220581093325,78.31443943113516,6.818791546939245,2.76610744105651,4.052684105882735,,0.1689008620221556
PY060,G4_OHE,14,38.50146538114741,128.5027441688981,35.27293024792704,1.485047241950417,0.1198210833624799,12.32011878770275,7.613477115133977,19.95413149164937,1.007074896135043,220.8482647912533,69.31986847871157,6.838544439449796,2.898061715102138,3.940482724347658,,0.125098107101688
PY061,G3_Aglepristone_PGF2a,0,39.64904464833711,126.9917285908839,36.34723740656131,5.639482058634495,1.540728446453603,21.73383522433912,22.54078571386517,26.36918090408086,0.8663407571914347,283.5668498594327,76.44772597108818,6.798507615482415,2.514791759252108,4.283715856230307,17.23027423245955,6.599407131289228
PY061,G3_Aglepristone_PGF2a,3,39.36556934342048,121.6991359180316,31.67820269502525,2.948477490023409,0.7744271912581903,18.88591759294333,19.09659201120224,23.43346980882315,0.8373617416323508,263.2791498824312,71.81627570609665,6.966594202268615,2.652001510598092,4.314592691670523,13.11691629246381,2.810442066074551
PY061,G3_Aglepristone_PGF2a,7,39.34963885818518,118.2564592559507,33.02912421551538,1.924208630662577,0.4533694953554422,14.96223027241201,18.11636824611081,24.44399174964449,0.7885581776362497,217.8954430156639,60.73963898258168,6.979026262697558,2.730269165758082,4.248757096939476,11.21795761840669,1.282557387357584
PY061,G3_Aglepristone_PGF2a,14,39.08845801894878,107.2644173905042,33.06824523883541,0.6746368900300171,0.0,14.69222504100071,16.59851962519183,23.83317943069566,0.7472016981102602,225.0140276872673,68.42119260875972,7.084744266148549,2.873034264254888,4.211710001893661,10.58979819048516,1.110162597989177
PY062,G4_OHE,0,39.43856215359372,129.6321443527297,28.11164502242313,6.269044662181193,1.329211827515573,22.61656196432588,11.06837710469641,34.09797233129495,1.193358208907396,402.5988452719854,115.8166528980068,6.352944435086329,2.467234302093098,3.88571013299323,14.35208150696537,15.01818999205165
PY062,G4_OHE,3,39.26691806799671,128.9915129031643,30.20301358780184,3.661738204184223,0.6730940729942757,19.94253798522347,7.189770263249536,31.68446808504648,1.103989055581058,369.9970592790874,106.0287727297534,6.363010451217563,2.511028257849355,3.851982193368208,,0.2078825741509924
PY062,G4_OHE,7,38.83364416405902,119.629046900667,21.89823717251612,2.791807415848166,0.2658629391874975,16.36022686811581,6.122054051824612,31.05679516795252,1.105591938951144,352.6760073003202,104.3732642874577,6.540398916348649,2.829135731775152,3.711263184573497,,0.1273187880302367
PY062,G4_OHE,14,38.94717820431946,115.1014840397334,25.18146911036466,1.116028642466998,0.0,14.06782441929698,6.146779912064241,30.58149635620167,1.071348417129715,353.7094152332099,97.35548548143971,6.576076872389039,2.683369328279669,3.89270754410937,,0.1995732369690517
PY063,G3_Aglepristone_PGF2a,0,39.10319071410805,121.9809007411619,35.08382776325773,6.076520360247816,2.167392285369396,18.11098079086423,7.429133790615119,22.92321148308645,0.8777480385728116,379.211959615973,78.83463669208282,6.185693438522244,2.574510095348391,3.611183343173853,15.55824722489184,2.5
PY063,G3_Aglepristone_PGF2a,3,38.93455405934498,118.1619036156275,34.70072371513938,3.819649320559675,1.43194866604992,15.66728844083697,4.797939483907978,20.52100457288303,0.8192155149869367,337.1674321587715,70.50080053749642,6.240957343090119,2.765149101277699,3.47580824181242,11.67382530877374,0.7216221495574896
PY063,G3_Aglepristone_PGF2a,7,38.79663235593,111.7929825263825,32.51021489804591,1.621698273667085,0.9469425157899314,12.92421880005451,2.59867733555662,18.25796686055445,0.7649421017677648,333.3054969229769,67.34872049845272,6.302489709862412,2.729278526847299,3.573211183015113,10.4444549725182,0.15
PY063,G3_Aglepristone_PGF2a,14,38.74128168913224,106.3139221415702,30.61687916510629,1.278641378325943,0.6395202369396777,11.04131236108653,2.177755287852006,20.58726233569644,0.7949202981694683,321.3884667074332,63.18647811577914,6.44397965109564,2.862677198149771,3.58130245294587,8.359153702787749,0.3026647148041772
PY064,G3_Aglepristone_PGF2a,0,39.11531291297474,116.9867958032955,34.60042229123763,4.79130984547702,2.056599767213656,11.29018373884964,16.8934725316171,23.26885548550919,0.8322850106798557,288.9002483204321,94.80542901051032,6.731287524166538,2.658769850819957,4.072517673346582,18.89136971118037,10.87740243918992
PY064,G3_Aglepristone_PGF2a,3,38.67640407660812,109.6255987308313,30.24420279956714,1.982217993080398,1.335494653092073,9.311042482884334,15.56293570329331,22.22149362751905,0.7713087069204397,271.0271102635382,85.80381826784809,6.935944385217571,2.688002328528259,4.247942056689312,15.13805418345215,4.477979475338699
PY064,G3_Aglepristone_PGF2a,7,38.85493844443337,109.0964943695012,30.87907443564218,0.4352054756907271,0.8320107482285917,5.293942682133644,12.84382696322988,19.17536136045525,0.7340987354994017,247.1125017829717,81.41921055328281,6.967192806747359,2.965448798122227,4.001744008625133,12.76722434265455,1.970431195623462
PY064,G3_Aglepristone_PGF2a,14,38.55802930193804,106.5582778435234,28.1989653758776,0.2,0.7149797093492931,4.543668972281163,11.72200708208409,19.37901583618345,0.7477270643434624,225.8077877830285,80.8552598978548,6.993237756041892,2.795609022165009,4.197628733876883,10.40719827353083,1.994356001261506
PY065,G1_Supportive,0,39.87086072705028,145.0482579361244,36.95865751428718,2.369058406770399,3.0,9.226599626063376,8.208570346903969,10.60996247434147,0.6869248916135634,100.0,42.68542011665387,6.748445875164722,3.232421412391569,3.516024462773153,20.40946690885464,14.11352292212001
PY065,G1_Supportive,3,39.636451080541,138.619949928528,35.30501109687848,0.2,2.216696788377373,6.153484996155882,5.238759258347769,8.93244057220968,0.6530611250769075,77.73607964998331,30.90333222150785,6.968298093403703,3.47226219027687,3.496035903126834,17.18901171036234,11.51655465533263
PY065,G1_Supportive,7,39.55912319885444,130.7166220866362,34.30117931548536,0.2,1.798511616711551,3.617588631172537,4.644439362637724,7.303913698922992,0.605193185771799,61.90244061398056,29.60872113232357,6.916927708522937,3.437984496516081,3.478943212006855,14.56336382391832,9.084505975708696
PY065,G1_Supportive,14,39.30003133201934,131.9222133180844,30.52436221765971,0.2,1.398725669888123,1.506258544674001,3.634008922142671,6.506218919691499,0.6479952947524079,54.42897754066843,24.58093216727356,6.97162168001792,3.533810958086908,3.437810721931012,13.7031281830707,6.931982170337948
PY066,G2_PGF2a,0,38.95067759625601,127.1447340602815,24.6408597055874,4.971857610102322,0.8155527179733466,12.08069719392833,13.28592011541513,14.0053072399717,0.6692776550158852,197.4430352711711,41.71360820778734,7.031270295895456,2.861616316832754,4.169653979062702,10.0,8.258525956921666
PY066,G2_PGF2a,3,38.70236911667553,124.2038816164734,23.28766286476142,3.030143497568144,0.3169926805665321,9.056421116923607,11.23966631310627,12.61683725689388,0.6434938463999003,172.574122429937,37.13034223460161,7.264824055377759,3.017320274188771,4.247503781188988,5.886574819469534,3.958050390512734
PY066,G2_PGF2a,7,38.53848149769708,109.2170542060681,22.49376478860435,1.175235449058228,0.0,7.297408766516289,8.278248093847006,9.694922679183943,0.6195133203519728,144.0786319356226,35.46620823673425,7.24955017932091,3.107854337860472,4.141695841460439,5.5,2.02386802220156
PY066,G2_PGF2a,14,38.38326400597758,113.9267066356741,19.49075953619884,0.4695516551651742,0.0,6.251489971069923,8.021922819491053,10.9364154238476,0.609671477867829,128.821817623728,29.28444174685825,7.301120208843215,3.143064358343628,4.158055850499587,5.5,1.577630685574476
PY067,G3_Aglepristone_PGF2a,0,39.49038368430655,135.0105983316728,21.88025044613202,6.191036943993844,1.404149387870167,17.54740375005362,20.50650889366791,21.36748643259692,1.075646291266936,232.2776921542717,51.65231490584573,6.782137553706721,2.481348598000469,4.300788955706252,10.0,10.83224594560157
PY067,G3_Aglepristone_PGF2a,3,39.31483653056252,132.4420764120818,18.88159539298987,3.072442061659241,0.6686295970366222,15.6642452630615,17.60777568612784,20.84134903605577,0.9967980621721568,227.4354164253616,45.09311788848048,6.898426600494664,2.605164055134505,4.293262545360159,6.087376852459809,4.066343457222812
PY067,G3_Aglepristone_PGF2a,7,39.08006628905085,128.3362808505476,16.87260367807016,1.88912605113277,0.2453958961480476,12.44221225481187,16.64453391140441,17.51864979311507,0.9402688337967066,201.1988020578293,43.98907430678365,7.059416010725208,2.72473234541726,4.334683665307947,5.5,2.504034371768511
PY067,G3_Aglepristone_PGF2a,14,39.18095594441795,118.4310818614467,17.21719941997235,1.152405458602385,0.06455808730677978,12.07225990201875,15.00165258772021,18.44996078621677,0.9650471256151526,177.4818735203952,35.18338259966752,6.990932691449967,2.765343329679078,4.225589361770888,5.5,1.524320207584266
PY068,G4_OHE,0,39.47384890397686,132.5616842257536,25.57349963592864,3.140366509338044,2.105978545826108,23.04432443594472,24.23430476842889,14.93511154100324,0.8218292509286711,266.7273326014209,79.40227725555955,6.448520218480595,2.67099609736116,3.777524121119435,17.05106699675099,8.502007252380189
PY068,G4_OHE,3,39.41469229312808,134.8951535739371,27.2703669864448,0.7614988653534666,1.22135506965164,19.21120142952186,22.12756120584136,12.93134153512701,0.7955042278506917,225.5306802886379,73.93048929669662,6.441224771356156,2.684025911410812,3.757198859945344,,0.3030699389979001
PY068,G4_OHE,7,39.17025058017133,116.5136822480585,22.32711192220372,0.2,0.7499361991452906,16.37351304867969,20.96337411130037,9.444851411264938,0.6877878563211534,221.2197047935444,69.99699974928511,6.704984766602583,2.972907844623117,3.732076921979466,,0.2000233876043397
PY068,G4_OHE,14,38.96941478676936,114.6580341584109,19.49373195228932,0.2,0.6269742061334522,15.45431924805755,19.66274612815382,11.66023738320275,0.7553219092282519,199.1771552243496,68.39332172327317,6.724336663491342,2.930600380544754,3.793736282946588,,0.312263175442143
PY069,G1_Supportive,0,38.87266566480432,136.8578254871057,33.77634855965301,6.636823486899668,2.531349856472875,18.79790275408403,18.77069679749064,23.03702373260318,0.9583302787902399,306.7235559873011,58.19031692791656,6.739290157813191,2.721584642203335,4.017705515609855,17.27402808972061,14.21641251691587
PY069,G1_Supportive,3,38.78897577711741,127.1574957038141,33.55035102928969,3.958819248056931,1.818103091310032,15.93713056989063,15.53908610448399,20.0404772621145,0.9340257584743468,285.8398291842087,52.69479978802285,6.786320449319791,2.841607006700281,3.94471344261951,14.60156428075318,11.35665056477754
PY069,G1_Supportive,7,38.4112708187927,130.2034689559797,29.9838507924843,2.615925745044306,1.376268908102657,14.19740157218588,13.67644829866361,17.91735543040059,0.8408822612719542,272.7571122086696,44.74184304520069,6.885785830320996,2.973043332660347,3.912742497660649,11.69487839467266,8.909792862086823
PY069,G1_Supportive,14,38.23779982259955,119.3928033201564,32.51760735226302,1.909761456472163,1.179259009835638,12.69508705471689,13.52886402582057,19.0662259451069,0.8528849969483443,257.1342757597815,32.68801683352973,6.897944822994287,2.991743671463358,3.906201151530929,9.776380333542582,7.731665307616152
PY070,G1_Supportive,0,40.4,113.3909498714591,27.38643588496792,6.105226629813203,2.542245284752311,19.39112482514778,13.56695993852744,21.02835326746681,0.8202251415494027,301.6066538076428,77.1370794886572,6.703264222718124,2.861426939688633,3.84183728302949,17.35257927974509,9.267960422931303
PY070,G1_Supportive,3,40.09541067028189,110.7723051589269,25.50387587942467,4.017198693941455,1.938689899585316,16.04248628896379,11.77534932177017,18.28550658595044,0.7634331628684558,274.4814003456898,72.24026999377628,6.828676581154732,2.903512213575866,3.925164367578867,13.85745953455671,7.554306059767053
PY070,G1_Supportive,7,40.15334479100906,105.327337644154,25.59458382252746,1.685154840687723,1.39861644968009,14.93592511024098,10.3156208904137,18.46857921096867,0.7421187167512973,259.1821551269715,63.37519244607822,6.933575383728496,2.996561493405086,3.93701389032341,11.97983925413184,5.87577555911375
PY070,G1_Supportive,14,39.78884139948435,98.332205737858,21.84659546846603,1.567306225373941,1.095614716401627,12.42361887020115,8.690890560678563,16.64076541404508,0.6924708515135864,251.0602551140411,64.44785907640484,6.865182801751327,3.167594343156983,3.697588458594344,9.694198661335246,4.697878419595248
PY071,G2_PGF2a,0,39.85303714170725,110.9617558264605,38.9551093720784,6.811818254774693,1.047275667615263,19.82874822941529,11.79592834672998,25.19886599028808,1.080764968898631,348.5427011161078,72.04817550580108,6.604205473657528,2.725213666935302,3.878991806722226,17.7976027535663,18.8116180659754
PY071,G2_PGF2a,3,39.62277172426899,102.2542224623471,34.49436455550889,4.399727534581221,0.2989153907422722,15.50778733637135,7.608756778863693,22.5999479673926,1.050540390863641,316.1528969977174,67.56225004791465,6.762027125196528,2.76816883121577,3.993858293980758,13.74660164844923,8.661077333309896
PY071,G2_PGF2a,7,39.39701258278336,103.8655924568233,34.28898001106539,3.140935104762064,0.0,14.67143688525264,7.547255720238489,21.10597438300712,0.9757906748267366,293.0278210005405,57.8827274530306,6.878581126928743,2.902703711349154,3.975877415579589,11.10175447393293,5.427782657067671
PY071,G2_PGF2a,14,39.51374994169073,96.15832303598296,35.15408076798155,2.458005422282048,0.0,12.52790507794657,5.836820025679305,21.24188413336741,0.9636312447536475,293.5850997996381,53.63524952248071,6.877497797396517,2.94909036735885,3.928407430037667,10.04184864325419,4.384373695886519
PY072,G2_PGF2a,0,39.09584315935665,109.1964033428433,35.34496931540314,7.24957859313686,1.836894745940211,18.61678462932805,15.06005512353186,21.92454506989349,1.023492248610107,299.6843237474712,72.69755012825703,6.437126716992137,3.064942088082669,3.372184628909468,16.37136921555948,9.238786303092445
PY072,G2_PGF2a,3,38.85826671116304,102.5060350559832,35.72710610680527,4.817690241342564,0.8683805222842625,15.33937102790924,12.37299899555136,19.43063555094322,0.9828582032850961,271.6120619515803,61.06298489918949,6.525489120213168,3.1988812331655,3.326607887047668,13.78820829787264,4.329818921434469
PY072,G2_PGF2a,7,38.82930333837909,95.19351711219339,33.23439509353771,3.386623165704705,0.5572993781583121,12.40415663653409,10.79464692505821,19.61719637284898,0.8918169285529887,258.7351513768254,55.42539619058356,6.567500112726651,3.181518447721556,3.385981665005095,10.28672259840983,2.855651581081235
PY072,G2_PGF2a,14,38.60655503849866,101.5959840512435,30.52683393122587,1.862853904417866,0.2200208313483329,12.86828887037231,10.78904672695635,19.41418180118934,0.9042037464938145,230.1267906111288,50.49535720108425,6.699821830238313,3.223698675769307,3.476123154469006,8.739457530910473,1.907238367961712
PY073,G2_PGF2a,0,39.84891126590293,97.11676469554845,42.19789335706143,4.966492624431993,2.094199348777318,20.45253302634893,16.70784514132577,24.01820094984388,0.8830735839708507,296.9448911369508,74.26835628148649,6.832755173630165,2.652768692754517,4.179986480875648,15.4398934898389,6.423748171134262
PY073,G2_PGF2a,3,39.70608927336373,93.09284195429979,37.97380853085907,2.837079092179373,1.507155608506469,13.93110534478023,12.3129212898402,23.95172027867002,0.8178823726157022,263.4904192823688,58.1677499591098,6.906139442609954,2.73525076604024,4.170888676569714,13.13015620089182,3.376522787654025
PY073,G2_PGF2a,7,39.50843800228045,81.37973210322247,39.57614400375738,1.128268149066278,0.9107779313310307,15.24136034369742,12.67795168624155,22.67963714911003,0.8397967566811768,241.5665344744289,57.08961161362504,7.032948194651293,2.897973438208512,4.13497475644278,8.68122601448818,1.375385889681907
PY073,G2_PGF2a,14,39.3482584180994,80.83539976909083,38.89016583916544,0.2,0.4757790904069094,13.20961610826961,12.87828841083071,22.42495263169177,0.7876120056995041,234.223499856034,56.83662239512844,7.130799647305542,2.906329754706238,4.224469892599304,9.804284270572513,1.460112031654946
PY074,G2_PGF2a,0,39.37816650807716,115.0698190012644,37.83937560950439,7.137991476754225,1.521026959831531,21.89363734167616,25.95809813079692,24.82808253711951,1.09078901967223,285.6593921090719,66.76371390231455,6.591486675791281,2.721788352062223,3.869698323729059,23.77963732521253,7.337015696984926
PY074,G2_PGF2a,3,39.11815581245774,106.7672974644076,32.76068055573207,4.554102264525823,0.5428596791378609,18.29848703146325,22.02176790729483,23.31153465429627,1.042546417203127,266.460982608715,53.86456527534222,6.746705768857725,2.841481928728836,3.905223840128889,19.98294112794797,3.409804321663498
PY074,G2_PGF2a,7,38.87506690604785,102.6066716957951,32.66949470382021,3.024696108739302,0.3238481473077461,15.92217594705354,23.66795130361508,21.93463286768413,1.000715451944753,231.9092393003002,50.7109922696928,6.924660154190772,2.979711768534231,3.944948385656541,17.09451436673723,2.262502962729188
PY074,G2_PGF2a,14,38.85991311847531,102.0876673329752,33.94158446238661,2.291856932705042,0.0,16.33174025265989,20.70768371071352,18.8030793964627,0.9770688454587201,223.6299424178616,46.68695704949785,6.880948205623268,2.961761534667855,3.919186670955413,16.56234308910624,1.806210971155422
PY075,G4_OHE,0,39.40941852339233,143.1565048860304,29.6410996129378,5.962041746814601,1.90907398567192,21.8425620497889,16.68945070037381,21.89089806869273,0.9974713027140025,420.3501213014418,81.20160996693022,6.580539253124877,2.70704885250108,3.873490400623796,14.0384054755213,21.31230661583493
PY075,G4_OHE,3,39.23360180387093,145.4263208809328,30.49778173759522,3.014620244258698,1.056157742375307,18.0260733658521,14.58734223563132,18.98009531473988,0.9110279849867678,384.8979781759945,72.32559275363933,6.716624210614003,2.681051500456856,4.035572710157147,,0.16627717761283
PY075,G4_OHE,7,38.88637204905614,122.4559605306963,25.14616965670326,1.867402401816831,0.6354334589358427,16.97144432003901,12.10124986827299,18.05032839975364,0.8451387243501344,371.2146151761709,68.04748847049459,6.858225480738869,3.028258772325637,3.829966708413232,,0.08087396844168644
PY075,G4_OHE,14,38.85657190761641,134.588715557774,21.64747272832452,1.010300554249037,0.4772626300963021,14.7580199695556,12.00368892011229,19.69251487542684,0.8881619328566306,347.5793205733091,61.6704662164785,6.866690942729557,2.97623086658776,3.890460076141797,,0.1823582210787945
PY076,G2_PGF2a,0,39.74209120413443,112.7190695680255,34.0970572465052,8.789496224159677,1.904857888594152,23.29449841971876,16.21501002282357,34.50719163715877,1.845660767885065,505.9223498201571,130.4302463881504,7.108018822444814,2.041786994206293,5.066231828238521,22.45518505253258,13.90174784531965
PY076,G2_PGF2a,3,39.65146950836254,118.2254444230796,36.52712088734436,8.947292800264837,2.250674460463473,24.99229550465654,15.99091137877885,34.65586290150097,1.851962532217495,517.3139812191982,131.0231568134232,7.081114462601819,2.065947806383457,5.015166656218362,23.20366528408585,6.422054570156716
PY076,G2_PGF2a,7,39.75274441189308,116.1899196458993,34.64343471723151,9.742435020360436,1.811275957121792,23.37154937609938,16.95977723887038,34.91654244182667,1.917064615070984,510.5969235115384,131.4742510362549,7.033291863451348,1.992749771527493,5.040542091923855,23.49641796772334,3.77945292460227
PY076,G2_PGF2a,14,39.82667795635703,108.7032480751281,32.81978388541704,9.466499954807228,1.904615095301514,24.93099060560642,16.40038639450481,35.42462226806097,1.856863710025623,518.0171832175286,135.2920217090902,7.150296849484085,2.086820593637933,5.063476255846151,23.07142367603755,2.764543735304077
PY077,G4_OHE,0,39.46421101520537,99.33280408456775,24.51399943874655,3.761707027866176,1.642758648526925,14.78500442767222,8.277490439500744,17.64216577197097,0.8547689002174215,247.9931186447132,79.17754550246626,7.202906534328119,3.177745836393461,4.025160697934657,20.58164310533317,6.406473602046339
PY077,G4_OHE,3,39.32094597342305,94.80545161848076,23.48088904011124,1.826532464947841,1.041724408277062,10.94513756291912,5.118963287735204,14.77065329251212,0.7932452545279375,210.6183455837812,71.34940287072756,7.344855081292046,3.250522824773368,4.094332256518678,,0.1716931958092735
PY077,G4_OHE,7,39.07113629855045,86.50441960719832,19.67740790277483,0.2,0.3461925060314829,8.287312779895963,3.604046063240165,14.58677878382861,0.7845939621421454,186.9472486364078,69.50878089542687,7.403475796060733,3.292476242277778,4.110999553782955,,0.1513896049139256
PY077,G4_OHE,14,38.7803706794047,89.70092822190642,20.12948037481768,0.2,0.214972844580132,8.126728832141138,3.786921423466244,13.32418919103776,0.7657127457367239,193.1250334787924,66.6154831136766,7.408631324837832,3.41173590982036,3.996895415017472,,0.1779200866969197
PY078,G2_PGF2a,0,39.56180247093176,128.7707286263559,41.98506630900036,7.232630461778405,1.590990517408343,15.18639243660053,20.04618638611447,24.40558945178704,1.304883265558583,298.4051894015744,94.20005326903063,6.530087183028862,2.749659850481773,3.780427332547089,15.15536913250508,17.98141071138973
PY078,G2_PGF2a,3,39.38310456904775,121.586693672042,40.08935822449553,4.420051402408672,0.8759966534796181,10.38180875147997,17.4642476390638,21.63304786262218,1.235197773972695,250.1747771611147,90.85551247371666,6.558756359618051,2.914972643748326,3.643783715869725,11.48709033129023,8.557773070726483
PY078,G2_PGF2a,7,39.17481843275621,119.0604651394073,38.42123730658,3.664448700638705,0.1592712972834272,10.7792846717859,16.51767753005429,22.72512843026846,1.277493112898288,248.6230503067025,76.56032137948115,6.753395134533273,2.943895777941822,3.809499356591451,9.431443553221882,4.936300556433484
PY078,G2_PGF2a,14,38.9439589375498,113.5597397807913,38.04953515812987,2.090088359108378,0.04255693652219202,7.741501904926304,14.58773304272372,17.18666025972197,1.222318089160574,231.7689315732906,79.88350079867203,6.818907298427566,2.98564227025773,3.833265028169835,8.460608423789916,4.245879168648362
PY079,G4_OHE,0,39.18582917960543,95.70435755041048,36.14598039963103,4.30203635346979,2.698307280185492,19.59943138621354,13.21005950865499,28.27549435963262,1.152929498158423,346.4510418319142,104.2058498516513,6.486483906857557,2.772704697747594,3.713779209109963,18.52899458128115,18.30134133939794
PY079,G4_OHE,3,39.18190601322083,101.1464293800838,36.1072524137516,1.292891733775306,1.890250602069089,17.78995762343335,10.32189805902003,24.46183953346706,1.099482479387124,329.7480195980593,98.95063408607483,6.520315619409812,2.835950348806894,3.684365270602918,,0.08100164351403069
PY079,G4_OHE,7,38.56857264341171,82.35855217566179,29.65700606734192,0.5994670591822756,1.619571943657144,15.80849363870009,7.836236500980493,23.66897688272315,1.071844934160519,304.5382153168282,89.6259928614657,6.723354053953908,3.006280964042067,3.71707308991184,,0.1918706621822522
PY079,G4_OHE,14,38.50890097033408,83.75798273775212,30.24266216882047,0.2,1.131237664171385,13.48386375909621,6.793687843830578,22.5964138068949,1.045690612844655,294.6631785131684,83.20176309978937,6.782213601922452,3.066873330440889,3.715340271481563,,0.1756012550447852
PY080,G3_Aglepristone_PGF2a,0,38.89773252584713,130.9364083331387,21.84103320183395,3.036694074260783,1.723938182909896,15.06887751851171,6.115306970696086,25.47497909439399,0.8132056658450385,316.1960668665097,75.52908867242894,6.268920183202598,2.740462998291382,3.528457184911216,14.20581669497994,5.037022671350425
PY080,G3_Aglepristone_PGF2a,3,38.7512574145148,128.1299661276385,20.54351541868506,0.9171674472439837,1.00476047460745,11.72434976568878,3.888160658180029,24.22162589503386,0.7305448874292255,291.3480857212555,66.02754109102429,6.464019414548797,2.877067079390536,3.586952335158261,10.87952728908034,1.917735057893699
PY080,G3_Aglepristone_PGF2a,7,38.41764951372654,120.4003391407209,18.08453888516592,0.2,0.3096718692947554,7.401129580167837,2.43751502942309,22.75775459311853,0.7052994641531858,280.860536673569,60.24893548810348,6.486220914586443,3.058476473783275,3.427744440803168,7.315715148274945,1.547753785237792
PY080,G3_Aglepristone_PGF2a,14,38.38992129651935,113.7242852390205,16.70097141783582,0.2,0.08657667827479709,10.62084362723377,1.225137343077729,21.22943809578553,0.732798821331953,235.6868998325017,53.57263178793288,6.531564617816903,3.024571088757255,3.506993529059648,7.060950291661222,0.5763784108741942
